analysisId,submissionId,astJson,aiFeedback,executionTimeMs
1,SUB0001,{},AI looks good,150
2,SUB0002,{},AI looks good,150
3,SUB0003,{},AI looks good,150
4,SUB0004,{},AI looks good,150
5,SUB0005,{},AI looks good,150
6,SUB0006,{},AI looks good,150
7,SUB0007,{},AI looks good,150
8,SUB0008,{},AI looks good,150
9,SUB0009,{},AI looks good,150
10,SUB0010,{},AI looks good,150
11,SUB0011,{},AI looks good,150
12,SUB0012,{},AI looks good,150
13,SUB0013,{},AI looks good,150
14,SUB0014,{},AI looks good,150
15,SUB0015,{},AI looks good,150
16,SUB0016,{},AI looks good,150
17,SUB0017,{},AI looks good,150
18,SUB0018,{},AI looks good,150
19,SUB0019,{},AI looks good,150
20,SUB0020,{},AI looks good,150
21,SUB0021,{},AI looks good,150
22,SUB0022,{},AI looks good,150
23,SUB0023,{},AI looks good,150
24,SUB0024,{},AI looks good,150
25,SUB0025,{},AI looks good,150
26,SUB0026,{},AI looks good,150
27,SUB0027,{},AI looks good,150
28,SUB0028,{},AI looks good,150
29,SUB0029,{},AI looks good,150
30,SUB0030,{},AI looks good,150
31,SUB0031,{},AI looks good,150
32,SUB0032,{},AI looks good,150
33,SUB0033,{},AI looks good,150
34,SUB0034,{},AI looks good,150
35,SUB0035,{},AI looks good,150
36,SUB0036,{},AI looks good,150
37,SUB0037,{},AI looks good,150
38,SUB0038,{},AI looks good,150
39,SUB0039,{},AI looks good,150
40,SUB0040,{},AI looks good,150
41,SUB0041,{},AI looks good,150
42,SUB0042,{},AI looks good,150
43,SUB0043,{},AI looks good,150
44,SUB0044,{},AI looks good,150
45,SUB0045,{},AI looks good,150
46,SUB0046,{},AI looks good,150
47,SUB0047,{},AI looks good,150
48,SUB0048,{},AI looks good,150
49,SUB0049,{},AI looks good,150
50,SUB0050,{},AI looks good,150
51,SUB0051,{},AI looks good,150
52,SUB0052,{},AI looks good,150
53,SUB0053,{},AI looks good,150
54,SUB0054,{},AI looks good,150
55,SUB0055,{},AI looks good,150
56,SUB0056,{},AI looks good,150
57,SUB0057,{},AI looks good,150
58,SUB0058,{},AI looks good,150
59,SUB0059,{},AI looks good,150
60,SUB0060,{},AI looks good,150
61,SUB0061,{},AI looks good,150
62,SUB0062,{},AI looks good,150
63,SUB0063,{},AI looks good,150
64,SUB0064,{},AI looks good,150
65,SUB0065,{},AI looks good,150
66,SUB0066,{},AI looks good,150
67,SUB0067,{},AI looks good,150
68,SUB0068,{},AI looks good,150
69,SUB0069,{},AI looks good,150
70,SUB0070,{},AI looks good,150
71,SUB0071,{},AI looks good,150
72,SUB0072,{},AI looks good,150
73,SUB0073,{},AI looks good,150
74,SUB0074,{},AI looks good,150
75,SUB0075,{},AI looks good,150
76,SUB0076,{},AI looks good,150
77,SUB0077,{},AI looks good,150
78,SUB0078,{},AI looks good,150
79,SUB0079,{},AI looks good,150
80,SUB0080,{},AI looks good,150
81,SUB0081,{},AI looks good,150
82,SUB0082,{},AI looks good,150
83,SUB0083,{},AI looks good,150
84,SUB0084,{},AI looks good,150
85,SUB0085,{},AI looks good,150
86,SUB0086,{},AI looks good,150
87,SUB0087,{},AI looks good,150
88,SUB0088,{},AI looks good,150
89,SUB0089,{},AI looks good,150
90,SUB0090,{},AI looks good,150
91,SUB0091,{},AI looks good,150
92,SUB0092,{},AI looks good,150
93,SUB0093,{},AI looks good,150
94,SUB0094,{},AI looks good,150
95,SUB0095,{},AI looks good,150
96,SUB0096,{},AI looks good,150
97,SUB0097,{},AI looks good,150
98,SUB0098,{},AI looks good,150
99,SUB0099,{},AI looks good,150
100,SUB0100,{},AI looks good,150
101,SUB0101,{},AI looks good,150
102,SUB0102,{},AI looks good,150
103,SUB0103,{},AI looks good,150
104,SUB0104,{},AI looks good,150
105,SUB0105,{},AI looks good,150
106,SUB0106,{},AI looks good,150
107,SUB0107,{},AI looks good,150
108,SUB0108,{},AI looks good,150
109,SUB0109,{},AI looks good,150
110,SUB0110,{},AI looks good,150
111,SUB0111,{},AI looks good,150
112,SUB0112,{},AI looks good,150
113,SUB0113,{},AI looks good,150
114,SUB0114,{},AI looks good,150
115,SUB0115,{},AI looks good,150
116,SUB0116,{},AI looks good,150
117,SUB0117,{},AI looks good,150
118,SUB0118,{},AI looks good,150
119,SUB0119,{},AI looks good,150
120,SUB0120,{},AI looks good,150
121,SUB0121,{},AI looks good,150
122,SUB0122,{},AI looks good,150
123,SUB0123,{},AI looks good,150
124,SUB0124,{},AI looks good,150
125,SUB0125,{},AI looks good,150
126,SUB0126,{},AI looks good,150
127,SUB0127,{},AI looks good,150
128,SUB0128,{},AI looks good,150
129,SUB0129,{},AI looks good,150
130,SUB0130,{},AI looks good,150
131,SUB0131,{},AI looks good,150
132,SUB0132,{},AI looks good,150
133,SUB0133,{},AI looks good,150
134,SUB0134,{},AI looks good,150
135,SUB0135,{},AI looks good,150
136,SUB0136,{},AI looks good,150
137,SUB0137,{},AI looks good,150
138,SUB0138,{},AI looks good,150
139,SUB0139,{},AI looks good,150
140,SUB0140,{},AI looks good,150
141,SUB0141,{},AI looks good,150
142,SUB0142,{},AI looks good,150
143,SUB0143,{},AI looks good,150
144,SUB0144,{},AI looks good,150
145,SUB0145,{},AI looks good,150
146,SUB0146,{},AI looks good,150
147,SUB0147,{},AI looks good,150
148,SUB0148,{},AI looks good,150
149,SUB0149,{},AI looks good,150
150,SUB0150,{},AI looks good,150
151,SUB0151,{},AI looks good,150
152,SUB0152,{},AI looks good,150
153,SUB0153,{},AI looks good,150
154,SUB0154,{},AI looks good,150
155,SUB0155,{},AI looks good,150
156,SUB0156,{},AI looks good,150
157,SUB0157,{},AI looks good,150
158,SUB0158,{},AI looks good,150
159,SUB0159,{},AI looks good,150
160,SUB0160,{},AI looks good,150
161,SUB0161,{},AI looks good,150
162,SUB0162,{},AI looks good,150
163,SUB0163,{},AI looks good,150
164,SUB0164,{},AI looks good,150
165,SUB0165,{},AI looks good,150
166,SUB0166,{},AI looks good,150
167,SUB0167,{},AI looks good,150
168,SUB0168,{},AI looks good,150
169,SUB0169,{},AI looks good,150
170,SUB0170,{},AI looks good,150
171,SUB0171,{},AI looks good,150
172,SUB0172,{},AI looks good,150
173,SUB0173,{},AI looks good,150
174,SUB0174,{},AI looks good,150
175,SUB0175,{},AI looks good,150
176,SUB0176,{},AI looks good,150
177,SUB0177,{},AI looks good,150
178,SUB0178,{},AI looks good,150
179,SUB0179,{},AI looks good,150
180,SUB0180,{},AI looks good,150
181,SUB0181,{},AI looks good,150
182,SUB0182,{},AI looks good,150
183,SUB0183,{},AI looks good,150
184,SUB0184,{},AI looks good,150
185,SUB0185,{},AI looks good,150
186,SUB0186,{},AI looks good,150
187,SUB0187,{},AI looks good,150
188,SUB0188,{},AI looks good,150
189,SUB0189,{},AI looks good,150
190,SUB0190,{},AI looks good,150
191,SUB0191,{},AI looks good,150
192,SUB0192,{},AI looks good,150
193,SUB0193,{},AI looks good,150
194,SUB0194,{},AI looks good,150
195,SUB0195,{},AI looks good,150
196,SUB0196,{},AI looks good,150
197,SUB0197,{},AI looks good,150
198,SUB0198,{},AI looks good,150
199,SUB0199,{},AI looks good,150
200,SUB0200,{},AI looks good,150
