violationId,analysisId,ruleId,fileName,lineNumber,suggestedFix
1,1,2,Main.java,73,Fix this issue
2,2,2,Main.java,67,Fix this issue
3,4,2,Main.java,105,Fix this issue
4,5,2,Main.java,37,Fix this issue
5,6,2,Main.java,57,Fix this issue
6,7,3,Main.java,58,Fix this issue
7,8,1,Main.java,20,Fix this issue
8,9,2,Main.java,55,Fix this issue
9,12,1,Main.java,59,Fix this issue
10,13,2,Main.java,71,Fix this issue
11,14,2,Main.java,106,Fix this issue
12,15,1,Main.java,96,Fix this issue
13,16,3,Main.java,44,Fix this issue
14,17,2,Main.java,54,Fix this issue
15,19,2,Main.java,75,Fix this issue
16,20,2,Main.java,24,Fix this issue
17,22,1,Main.java,100,Fix this issue
18,24,1,Main.java,52,Fix this issue
19,25,2,Main.java,82,Fix this issue
20,28,3,Main.java,93,Fix this issue
21,29,3,Main.java,71,Fix this issue
22,30,2,Main.java,76,Fix this issue
23,31,1,Main.java,103,Fix this issue
24,32,1,Main.java,108,Fix this issue
25,33,1,Main.java,100,Fix this issue
26,35,1,Main.java,96,Fix this issue
27,36,3,Main.java,62,Fix this issue
28,37,3,Main.java,84,Fix this issue
29,39,2,Main.java,97,Fix this issue
30,40,2,Main.java,40,Fix this issue
31,41,2,Main.java,55,Fix this issue
32,43,2,Main.java,10,Fix this issue
33,44,2,Main.java,46,Fix this issue
34,45,3,Main.java,24,Fix this issue
35,46,2,Main.java,40,Fix this issue
36,47,1,Main.java,79,Fix this issue
37,49,2,Main.java,88,Fix this issue
38,50,3,Main.java,83,Fix this issue
39,52,2,Main.java,13,Fix this issue
40,54,1,Main.java,94,Fix this issue
41,56,1,Main.java,66,Fix this issue
42,57,2,Main.java,105,Fix this issue
43,58,3,Main.java,52,Fix this issue
44,59,3,Main.java,35,Fix this issue
45,60,2,Main.java,68,Fix this issue
46,61,2,Main.java,48,Fix this issue
47,62,1,Main.java,100,Fix this issue
48,64,2,Main.java,16,Fix this issue
49,66,2,Main.java,106,Fix this issue
50,67,2,Main.java,39,Fix this issue
51,68,3,Main.java,50,Fix this issue
52,69,3,Main.java,54,Fix this issue
53,70,1,Main.java,47,Fix this issue
54,71,3,Main.java,57,Fix this issue
55,72,2,Main.java,101,Fix this issue
56,75,3,Main.java,100,Fix this issue
57,76,3,Main.java,47,Fix this issue
58,79,1,Main.java,36,Fix this issue
59,80,2,Main.java,106,Fix this issue
60,81,3,Main.java,24,Fix this issue
61,82,3,Main.java,70,Fix this issue
62,83,1,Main.java,39,Fix this issue
63,84,1,Main.java,96,Fix this issue
64,85,3,Main.java,27,Fix this issue
65,86,3,Main.java,93,Fix this issue
66,87,2,Main.java,84,Fix this issue
67,88,2,Main.java,73,Fix this issue
68,89,3,Main.java,50,Fix this issue
69,90,2,Main.java,64,Fix this issue
70,91,2,Main.java,91,Fix this issue
71,92,2,Main.java,95,Fix this issue
72,95,2,Main.java,29,Fix this issue
73,96,3,Main.java,22,Fix this issue
74,97,3,Main.java,68,Fix this issue
75,98,1,Main.java,86,Fix this issue
76,99,2,Main.java,43,Fix this issue
77,102,1,Main.java,103,Fix this issue
78,103,2,Main.java,24,Fix this issue
79,105,2,Main.java,56,Fix this issue
80,106,3,Main.java,45,Fix this issue
81,107,1,Main.java,29,Fix this issue
82,108,1,Main.java,75,Fix this issue
83,109,3,Main.java,96,Fix this issue
84,110,1,Main.java,24,Fix this issue
85,111,1,Main.java,38,Fix this issue
86,113,2,Main.java,85,Fix this issue
87,115,1,Main.java,30,Fix this issue
88,116,3,Main.java,82,Fix this issue
89,117,2,Main.java,82,Fix this issue
90,119,2,Main.java,93,Fix this issue
91,120,2,Main.java,37,Fix this issue
92,123,1,Main.java,14,Fix this issue
93,124,2,Main.java,63,Fix this issue
94,125,1,Main.java,31,Fix this issue
95,127,1,Main.java,50,Fix this issue
96,129,3,Main.java,107,Fix this issue
97,131,1,Main.java,83,Fix this issue
98,132,2,Main.java,20,Fix this issue
99,133,3,Main.java,65,Fix this issue
100,134,1,Main.java,35,Fix this issue
101,135,2,Main.java,60,Fix this issue
102,136,3,Main.java,51,Fix this issue
103,137,3,Main.java,13,Fix this issue
104,139,1,Main.java,74,Fix this issue
105,140,1,Main.java,15,Fix this issue
106,141,2,Main.java,84,Fix this issue
107,142,2,Main.java,19,Fix this issue
108,144,2,Main.java,88,Fix this issue
109,145,3,Main.java,28,Fix this issue
110,146,3,Main.java,65,Fix this issue
111,147,1,Main.java,60,Fix this issue
112,148,3,Main.java,60,Fix this issue
113,149,3,Main.java,68,Fix this issue
114,150,3,Main.java,89,Fix this issue
115,151,1,Main.java,59,Fix this issue
116,154,1,Main.java,77,Fix this issue
117,155,1,Main.java,12,Fix this issue
118,156,2,Main.java,23,Fix this issue
119,157,1,Main.java,75,Fix this issue
120,159,1,Main.java,17,Fix this issue
121,160,3,Main.java,109,Fix this issue
122,161,2,Main.java,68,Fix this issue
123,165,1,Main.java,58,Fix this issue
124,166,3,Main.java,16,Fix this issue
125,168,1,Main.java,65,Fix this issue
126,169,2,Main.java,68,Fix this issue
127,171,3,Main.java,46,Fix this issue
128,172,2,Main.java,70,Fix this issue
129,173,1,Main.java,19,Fix this issue
130,175,2,Main.java,64,Fix this issue
131,178,3,Main.java,73,Fix this issue
132,179,1,Main.java,78,Fix this issue
133,180,1,Main.java,56,Fix this issue
134,181,3,Main.java,28,Fix this issue
135,182,1,Main.java,23,Fix this issue
136,183,2,Main.java,52,Fix this issue
137,184,3,Main.java,107,Fix this issue
138,185,3,Main.java,22,Fix this issue
139,186,2,Main.java,69,Fix this issue
140,188,3,Main.java,24,Fix this issue
141,189,2,Main.java,67,Fix this issue
142,190,3,Main.java,53,Fix this issue
143,191,1,Main.java,75,Fix this issue
144,193,1,Main.java,52,Fix this issue
145,194,3,Main.java,37,Fix this issue
146,195,1,Main.java,50,Fix this issue
147,196,3,Main.java,107,Fix this issue
148,197,3,Main.java,100,Fix this issue
149,198,2,Main.java,75,Fix this issue
150,200,1,Main.java,100,Fix this issue
