scoreId,submissionId,totalScore,deduction,gradingNotes,updatedAt
1,SUB0001,9.0,1.0,Good job,2023-10-21
2,SUB0002,9.5,0.5,Good job,2023-10-21
3,SUB0003,10.0,0.0,Good job,2023-10-21
4,SUB0004,9.5,0.5,Good job,2023-10-21
5,SUB0005,8.5,1.5,Good job,2023-10-21
6,SUB0006,8.5,1.5,Good job,2023-10-21
7,SUB0007,9.5,0.5,Good job,2023-10-21
8,SUB0008,9.0,1.0,Good job,2023-10-21
9,SUB0009,9.5,0.5,Good job,2023-10-21
10,SUB0010,10.0,0.0,Good job,2023-10-21
11,SUB0011,10.0,0.0,Good job,2023-10-21
12,SUB0012,9.0,1.0,Good job,2023-10-21
13,SUB0013,9.5,0.5,Good job,2023-10-21
14,SUB0014,8.5,1.5,Good job,2023-10-21
15,SUB0015,8.5,1.5,Good job,2023-10-21
16,SUB0016,9.5,0.5,Good job,2023-10-21
17,SUB0017,9.0,1.0,Good job,2023-10-21
18,SUB0018,10.0,0.0,Good job,2023-10-21
19,SUB0019,8.5,1.5,Good job,2023-10-21
20,SUB0020,9.5,0.5,Good job,2023-10-21
21,SUB0021,10.0,0.0,Good job,2023-10-21
22,SUB0022,8.5,1.5,Good job,2023-10-21
23,SUB0023,10.0,0.0,Good job,2023-10-21
24,SUB0024,8.5,1.5,Good job,2023-10-21
25,SUB0025,9.5,0.5,Good job,2023-10-21
26,SUB0026,10.0,0.0,Good job,2023-10-21
27,SUB0027,10.0,0.0,Good job,2023-10-21
28,SUB0028,9.5,0.5,Good job,2023-10-21
29,SUB0029,9.0,1.0,Good job,2023-10-21
30,SUB0030,9.0,1.0,Good job,2023-10-21
31,SUB0031,8.5,1.5,Good job,2023-10-21
32,SUB0032,9.0,1.0,Good job,2023-10-21
33,SUB0033,8.5,1.5,Good job,2023-10-21
34,SUB0034,10.0,0.0,Good job,2023-10-21
35,SUB0035,8.5,1.5,Good job,2023-10-21
36,SUB0036,9.0,1.0,Good job,2023-10-21
37,SUB0037,9.5,0.5,Good job,2023-10-21
38,SUB0038,10.0,0.0,Good job,2023-10-21
39,SUB0039,8.5,1.5,Good job,2023-10-21
40,SUB0040,8.5,1.5,Good job,2023-10-21
41,SUB0041,9.0,1.0,Good job,2023-10-21
42,SUB0042,10.0,0.0,Good job,2023-10-21
43,SUB0043,9.0,1.0,Good job,2023-10-21
44,SUB0044,8.5,1.5,Good job,2023-10-21
45,SUB0045,9.0,1.0,Good job,2023-10-21
46,SUB0046,9.5,0.5,Good job,2023-10-21
47,SUB0047,9.0,1.0,Good job,2023-10-21
48,SUB0048,10.0,0.0,Good job,2023-10-21
49,SUB0049,9.5,0.5,Good job,2023-10-21
50,SUB0050,9.5,0.5,Good job,2023-10-21
51,SUB0051,10.0,0.0,Good job,2023-10-21
52,SUB0052,8.5,1.5,Good job,2023-10-21
53,SUB0053,10.0,0.0,Good job,2023-10-21
54,SUB0054,8.5,1.5,Good job,2023-10-21
55,SUB0055,10.0,0.0,Good job,2023-10-21
56,SUB0056,8.5,1.5,Good job,2023-10-21
57,SUB0057,9.5,0.5,Good job,2023-10-21
58,SUB0058,8.5,1.5,Good job,2023-10-21
59,SUB0059,8.5,1.5,Good job,2023-10-21
60,SUB0060,9.5,0.5,Good job,2023-10-21
61,SUB0061,8.5,1.5,Good job,2023-10-21
62,SUB0062,8.5,1.5,Good job,2023-10-21
63,SUB0063,10.0,0.0,Good job,2023-10-21
64,SUB0064,9.0,1.0,Good job,2023-10-21
65,SUB0065,10.0,0.0,Good job,2023-10-21
66,SUB0066,9.5,0.5,Good job,2023-10-21
67,SUB0067,8.5,1.5,Good job,2023-10-21
68,SUB0068,8.5,1.5,Good job,2023-10-21
69,SUB0069,9.5,0.5,Good job,2023-10-21
70,SUB0070,9.5,0.5,Good job,2023-10-21
71,SUB0071,8.5,1.5,Good job,2023-10-21
72,SUB0072,9.0,1.0,Good job,2023-10-21
73,SUB0073,10.0,0.0,Good job,2023-10-21
74,SUB0074,10.0,0.0,Good job,2023-10-21
75,SUB0075,9.5,0.5,Good job,2023-10-21
76,SUB0076,9.0,1.0,Good job,2023-10-21
77,SUB0077,10.0,0.0,Good job,2023-10-21
78,SUB0078,10.0,0.0,Good job,2023-10-21
79,SUB0079,9.5,0.5,Good job,2023-10-21
80,SUB0080,8.5,1.5,Good job,2023-10-21
81,SUB0081,8.5,1.5,Good job,2023-10-21
82,SUB0082,9.0,1.0,Good job,2023-10-21
83,SUB0083,9.5,0.5,Good job,2023-10-21
84,SUB0084,8.5,1.5,Good job,2023-10-21
85,SUB0085,9.5,0.5,Good job,2023-10-21
86,SUB0086,9.5,0.5,Good job,2023-10-21
87,SUB0087,8.5,1.5,Good job,2023-10-21
88,SUB0088,8.5,1.5,Good job,2023-10-21
89,SUB0089,9.0,1.0,Good job,2023-10-21
90,SUB0090,8.5,1.5,Good job,2023-10-21
91,SUB0091,9.5,0.5,Good job,2023-10-21
92,SUB0092,9.5,0.5,Good job,2023-10-21
93,SUB0093,10.0,0.0,Good job,2023-10-21
94,SUB0094,10.0,0.0,Good job,2023-10-21
95,SUB0095,9.0,1.0,Good job,2023-10-21
96,SUB0096,9.0,1.0,Good job,2023-10-21
97,SUB0097,9.5,0.5,Good job,2023-10-21
98,SUB0098,9.5,0.5,Good job,2023-10-21
99,SUB0099,9.0,1.0,Good job,2023-10-21
100,SUB0100,10.0,0.0,Good job,2023-10-21
101,SUB0101,10.0,0.0,Good job,2023-10-21
102,SUB0102,8.5,1.5,Good job,2023-10-21
103,SUB0103,9.5,0.5,Good job,2023-10-21
104,SUB0104,10.0,0.0,Good job,2023-10-21
105,SUB0105,9.0,1.0,Good job,2023-10-21
106,SUB0106,8.5,1.5,Good job,2023-10-21
107,SUB0107,9.5,0.5,Good job,2023-10-21
108,SUB0108,8.5,1.5,Good job,2023-10-21
109,SUB0109,8.5,1.5,Good job,2023-10-21
110,SUB0110,9.0,1.0,Good job,2023-10-21
111,SUB0111,8.5,1.5,Good job,2023-10-21
112,SUB0112,10.0,0.0,Good job,2023-10-21
113,SUB0113,9.5,0.5,Good job,2023-10-21
114,SUB0114,10.0,0.0,Good job,2023-10-21
115,SUB0115,8.5,1.5,Good job,2023-10-21
116,SUB0116,8.5,1.5,Good job,2023-10-21
117,SUB0117,9.5,0.5,Good job,2023-10-21
118,SUB0118,10.0,0.0,Good job,2023-10-21
119,SUB0119,9.0,1.0,Good job,2023-10-21
120,SUB0120,8.5,1.5,Good job,2023-10-21
121,SUB0121,10.0,0.0,Good job,2023-10-21
122,SUB0122,10.0,0.0,Good job,2023-10-21
123,SUB0123,9.5,0.5,Good job,2023-10-21
124,SUB0124,9.5,0.5,Good job,2023-10-21
125,SUB0125,8.5,1.5,Good job,2023-10-21
126,SUB0126,10.0,0.0,Good job,2023-10-21
127,SUB0127,9.0,1.0,Good job,2023-10-21
128,SUB0128,10.0,0.0,Good job,2023-10-21
129,SUB0129,8.5,1.5,Good job,2023-10-21
130,SUB0130,10.0,0.0,Good job,2023-10-21
131,SUB0131,8.5,1.5,Good job,2023-10-21
132,SUB0132,8.5,1.5,Good job,2023-10-21
133,SUB0133,8.5,1.5,Good job,2023-10-21
134,SUB0134,9.0,1.0,Good job,2023-10-21
135,SUB0135,9.5,0.5,Good job,2023-10-21
136,SUB0136,8.5,1.5,Good job,2023-10-21
137,SUB0137,9.5,0.5,Good job,2023-10-21
138,SUB0138,10.0,0.0,Good job,2023-10-21
139,SUB0139,9.0,1.0,Good job,2023-10-21
140,SUB0140,9.0,1.0,Good job,2023-10-21
141,SUB0141,8.5,1.5,Good job,2023-10-21
142,SUB0142,9.5,0.5,Good job,2023-10-21
143,SUB0143,10.0,0.0,Good job,2023-10-21
144,SUB0144,8.5,1.5,Good job,2023-10-21
145,SUB0145,8.5,1.5,Good job,2023-10-21
146,SUB0146,9.5,0.5,Good job,2023-10-21
147,SUB0147,9.5,0.5,Good job,2023-10-21
148,SUB0148,8.5,1.5,Good job,2023-10-21
149,SUB0149,8.5,1.5,Good job,2023-10-21
150,SUB0150,8.5,1.5,Good job,2023-10-21
151,SUB0151,9.5,0.5,Good job,2023-10-21
152,SUB0152,10.0,0.0,Good job,2023-10-21
153,SUB0153,10.0,0.0,Good job,2023-10-21
154,SUB0154,9.5,0.5,Good job,2023-10-21
155,SUB0155,9.5,0.5,Good job,2023-10-21
156,SUB0156,8.5,1.5,Good job,2023-10-21
157,SUB0157,8.5,1.5,Good job,2023-10-21
158,SUB0158,10.0,0.0,Good job,2023-10-21
159,SUB0159,8.5,1.5,Good job,2023-10-21
160,SUB0160,8.5,1.5,Good job,2023-10-21
161,SUB0161,9.5,0.5,Good job,2023-10-21
162,SUB0162,10.0,0.0,Good job,2023-10-21
163,SUB0163,10.0,0.0,Good job,2023-10-21
164,SUB0164,10.0,0.0,Good job,2023-10-21
165,SUB0165,9.0,1.0,Good job,2023-10-21
166,SUB0166,9.0,1.0,Good job,2023-10-21
167,SUB0167,10.0,0.0,Good job,2023-10-21
168,SUB0168,8.5,1.5,Good job,2023-10-21
169,SUB0169,9.5,0.5,Good job,2023-10-21
170,SUB0170,10.0,0.0,Good job,2023-10-21
171,SUB0171,9.0,1.0,Good job,2023-10-21
172,SUB0172,8.5,1.5,Good job,2023-10-21
173,SUB0173,9.5,0.5,Good job,2023-10-21
174,SUB0174,10.0,0.0,Good job,2023-10-21
175,SUB0175,9.5,0.5,Good job,2023-10-21
176,SUB0176,10.0,0.0,Good job,2023-10-21
177,SUB0177,10.0,0.0,Good job,2023-10-21
178,SUB0178,9.5,0.5,Good job,2023-10-21
179,SUB0179,9.5,0.5,Good job,2023-10-21
180,SUB0180,9.5,0.5,Good job,2023-10-21
181,SUB0181,8.5,1.5,Good job,2023-10-21
182,SUB0182,9.5,0.5,Good job,2023-10-21
183,SUB0183,9.0,1.0,Good job,2023-10-21
184,SUB0184,9.5,0.5,Good job,2023-10-21
185,SUB0185,8.5,1.5,Good job,2023-10-21
186,SUB0186,9.0,1.0,Good job,2023-10-21
187,SUB0187,10.0,0.0,Good job,2023-10-21
188,SUB0188,9.0,1.0,Good job,2023-10-21
189,SUB0189,9.5,0.5,Good job,2023-10-21
190,SUB0190,9.5,0.5,Good job,2023-10-21
191,SUB0191,8.5,1.5,Good job,2023-10-21
192,SUB0192,10.0,0.0,Good job,2023-10-21
193,SUB0193,9.0,1.0,Good job,2023-10-21
194,SUB0194,9.5,0.5,Good job,2023-10-21
195,SUB0195,9.0,1.0,Good job,2023-10-21
196,SUB0196,9.0,1.0,Good job,2023-10-21
197,SUB0197,8.5,1.5,Good job,2023-10-21
198,SUB0198,9.5,0.5,Good job,2023-10-21
199,SUB0199,10.0,0.0,Good job,2023-10-21
200,SUB0200,9.0,1.0,Good job,2023-10-21
