UserID,Name,Email,Age,Role,Status,CourseCode,GPA
HE150001,Đặng Quang Dũng,dungdang442@gmail.com,23,Sinh viên,offline,SWP391|CSD201|CEA201|JPE255,7.2
HE150002,Dương Quang Long,longduong655@fpt.edu.vn,19,Sinh viên,offline,PRJ301|MAE101|PRO192|MAS291|JPD113,8.5
HE150003,Vũ Thanh Nguyên,nguyenvu724@gmail.com,21,Sinh viên,offline,CSD201|MAS291|PRO192,5.3
HE150004,Ngô Minh Nguyên,nguyenngo381@gmail.com,23,Sinh viên,offline,MAS291|PRO192|MAE101,6.3
HE150005,Bùi Đình Trang,trangbui702@fpt.edu.vn,20,Sinh viên,active,JPE255|PRJ301|CSD201|JPD113|MAE101,6.5
HE150006,Phan Minh Nga,ngaphan894@gmail.com,18,Sinh viên,offline,CSD201|PRJ301|NWC203,4.2
HE150007,Bùi Gia Khoa,khoabui22@fpt.edu.vn,24,Sinh viên,offline,MAE101|PRO192|MAS291|JPE255|JPD113,9.9
HE150008,Bùi Ngọc Nga,ngabui921@fpt.edu.vn,18,Sinh viên,offline,JPE255|PRJ301|CSD201,7.6
HE150009,Hoàng Quang Nga,ngahoang387@fpt.edu.vn,22,Sinh viên,active,CSD201|PRO192|MAS291|SWP391,9.2
HE150010,Đỗ Đình Dũng,dungdo154@gmail.com,19,Sinh viên,offline,CEA201|SWP391|MAS291|JPD113,7.9
HE150011,Đặng Văn Bách,bachdang547@fpt.edu.vn,23,Sinh viên,offline,PRO192|JPD113|JPE255|MAE101|NWC203,6.5
HE150012,Võ Thị Phong,phongvo482@gmail.com,19,Sinh viên,active,MAE101|PRJ301|CEA201,7.6
HE150013,Ngô Đình Dũng,dungngo451@gmail.com,20,Sinh viên,offline,SWP391|NWC203|CEA201,8.2
HE150014,Hồ Đình Bách,bachho765@gmail.com,23,Sinh viên,active,NWC203|MAE101|SWP391|JPD113|PRJ301,4.7
HE150015,Dương Gia Linh,linhduong425@gmail.com,24,Sinh viên,active,CSD201|JPD113|PRO192,6.5
HE150016,Nguyễn Hoàng Linh,linhnguyen97@fpt.edu.vn,24,Sinh viên,active,MAE101|CSD201|NWC203,7.0
HE150017,Hồ Hữu Huy,huyho666@gmail.com,18,Sinh viên,active,PRO192|MAE101|CEA201|JPE255|NWC203,5.4
HE150018,Phan Hải Anh,anhphan653@gmail.com,23,Sinh viên,offline,NWC203|CSD201|SWP391|JPE255|MAS291,9.7
HE150019,Lê Quang Anh,anhle416@fpt.edu.vn,22,Sinh viên,active,CSD201|JPD113|PRJ301|SWP391|JPE255,7.3
HE150020,Phan Hoàng Anh,anhphan862@fpt.edu.vn,22,Sinh viên,offline,PRJ301|MAS291|JPD113,6.4
HE150021,Hồ Thị Bách,bachho43@gmail.com,23,Sinh viên,offline,MAE101|JPE255|SWP391|PRJ301|NWC203,6.7
HE150022,Dương Thị Nguyên,nguyenduong500@fpt.edu.vn,19,Sinh viên,offline,PRJ301|SWP391|JPE255,9.1
HE150023,Nguyễn Hoàng Huy,huynguyen858@gmail.com,21,Sinh viên,offline,JPD113|NWC203|CEA201|JPE255|PRJ301,7.6
HE150024,Ngô Gia Nguyên,nguyenngo404@fpt.edu.vn,21,Sinh viên,active,PRJ301|NWC203|JPE255|SWP391|MAS291,9.9
HE150025,Bùi Thanh Trang,trangbui18@gmail.com,22,Sinh viên,offline,NWC203|CEA201|SWP391,5.1
HE150026,Dương Thu Nga,ngaduong212@gmail.com,20,Sinh viên,offline,MAE101|NWC203|JPE255,6.0
HE150027,Lý Hoàng Tuấn,tuanly682@gmail.com,23,Sinh viên,offline,PRO192|MAS291|CEA201,8.5
HE150028,Lê Minh Hà,hale233@fpt.edu.vn,23,Sinh viên,offline,NWC203|JPE255|SWP391,9.3
HE150029,Phạm Thành Hoa,hoapham170@fpt.edu.vn,22,Sinh viên,active,JPE255|SWP391|JPD113|NWC203|PRJ301,5.5
HE150030,Dương Xuân Hương,huongduong967@gmail.com,22,Sinh viên,active,JPE255|SWP391|MAE101|CSD201,5.3
HE150031,Lý Thanh Cường,cuongly145@gmail.com,18,Sinh viên,offline,PRJ301|JPE255|JPD113|SWP391|CEA201,4.4
HE150032,Phan Minh Long,longphan772@gmail.com,21,Sinh viên,active,MAS291|PRO192|CEA201|PRJ301,6.9
HE150033,Phạm Hải Hương,huongpham782@gmail.com,19,Sinh viên,offline,JPE255|PRJ301|NWC203|MAS291,8.0
HE150034,Hoàng Thành Cường,cuonghoang380@gmail.com,18,Sinh viên,offline,NWC203|MAS291|PRJ301|CEA201|SWP391,9.2
HE150035,Dương Xuân Tuấn,tuanduong979@gmail.com,18,Sinh viên,active,JPE255|SWP391|NWC203,6.5
HE150036,Huỳnh Hải Lan,lanhuynh937@fpt.edu.vn,18,Sinh viên,active,SWP391|MAS291|PRJ301,8.2
HE150037,Phan Thị Anh,anhphan777@fpt.edu.vn,18,Sinh viên,offline,NWC203|SWP391|CEA201|MAS291,6.0
HE150038,Phan Đức Nga,ngaphan64@gmail.com,24,Sinh viên,offline,MAS291|JPD113|PRJ301|MAE101|NWC203,9.0
HE150039,Võ Đức Dũng,dungvo658@fpt.edu.vn,24,Sinh viên,offline,JPE255|CSD201|SWP391|PRJ301,7.9
HE150040,Dương Quang Vy,vyduong187@gmail.com,22,Sinh viên,offline,MAS291|CSD201|MAE101,5.2
HE150041,Hoàng Gia Trang,tranghoang264@fpt.edu.vn,18,Sinh viên,active,CEA201|PRJ301|MAS291|PRO192|MAE101,5.0
HE150042,Huỳnh Thu Thảo,thaohuynh680@gmail.com,22,Sinh viên,active,NWC203|JPD113|SWP391,6.6
HE150043,Lý Hữu Nguyên,nguyenly625@fpt.edu.vn,23,Sinh viên,offline,PRJ301|PRO192|MAE101|CEA201,5.6
HE150044,Nguyễn Đình Hương,huongnguyen998@fpt.edu.vn,24,Sinh viên,active,PRJ301|CEA201|JPD113|CSD201|JPE255,7.0
HE150045,Đỗ Hữu Thảo,thaodo483@gmail.com,21,Sinh viên,offline,JPD113|CSD201|JPE255|NWC203,8.8
HE150046,Ngô Ngọc Phong,phongngo633@gmail.com,21,Sinh viên,offline,CEA201|JPE255|PRJ301,10.0
HE150047,Dương Hữu Hà,haduong800@gmail.com,21,Sinh viên,offline,PRJ301|MAE101|JPD113,4.8
HE150048,Đỗ Minh Bình,binhdo822@gmail.com,19,Sinh viên,active,MAS291|JPE255|JPD113,4.1
HE150049,Võ Minh Lan,lanvo413@fpt.edu.vn,23,Sinh viên,offline,PRO192|CEA201|MAS291,6.5
HE150050,Hồ Thu Dũng,dungho354@fpt.edu.vn,24,Sinh viên,active,MAS291|PRO192|NWC203,5.4
HE150051,Vũ Ngọc Tuấn,tuanvu401@fpt.edu.vn,22,Sinh viên,active,PRJ301|NWC203|JPD113,6.7
HE150052,Trần Thanh Bách,bachtran640@fpt.edu.vn,24,Sinh viên,active,CSD201|JPD113|PRO192,5.3
HE150053,Võ Hoàng Nga,ngavo462@fpt.edu.vn,19,Sinh viên,offline,MAE101|JPD113|PRO192|MAS291|PRJ301,6.7
HE150054,Vũ Quang Trang,trangvu414@gmail.com,23,Sinh viên,offline,CEA201|PRJ301|JPE255|MAE101|SWP391,5.7
HE150055,Dương Thanh Trang,trangduong881@gmail.com,18,Sinh viên,active,JPD113|MAE101|JPE255,4.4
HE150056,Phan Thanh Vy,vyphan754@gmail.com,19,Sinh viên,active,JPE255|CSD201|PRJ301,9.9
HE150057,Đặng Gia Trang,trangdang196@gmail.com,19,Sinh viên,offline,SWP391|MAS291|NWC203,7.3
HE150058,Đỗ Xuân Hương,huongdo493@fpt.edu.vn,19,Sinh viên,active,PRO192|SWP391|PRJ301|JPE255,6.8
HE150059,Phan Gia Hương,huongphan652@gmail.com,23,Sinh viên,active,CEA201|CSD201|MAE101|SWP391|JPD113,7.0
HE150060,Bùi Văn Tùng,tungbui809@fpt.edu.vn,19,Sinh viên,active,PRO192|NWC203|JPD113,4.8
HE150061,Bùi Đình Khánh,khanhbui69@gmail.com,20,Sinh viên,offline,CSD201|SWP391|NWC203|MAE101|JPE255,8.7
HE150062,Bùi Hữu Hà,habui249@fpt.edu.vn,23,Sinh viên,active,CEA201|SWP391|PRJ301|PRO192,10.0
HE150063,Trần Hải Long,longtran196@fpt.edu.vn,22,Sinh viên,active,PRO192|MAE101|CEA201|JPD113,6.7
HE150064,Đỗ Hải Khánh,khanhdo343@gmail.com,22,Sinh viên,offline,PRO192|PRJ301|MAS291|JPD113|NWC203,9.5
HE150065,Phạm Ngọc Lan,lanpham539@fpt.edu.vn,24,Sinh viên,active,NWC203|CSD201|MAE101|SWP391|JPD113,6.8
HE150066,Hồ Hoàng Tùng,tungho734@fpt.edu.vn,23,Sinh viên,active,PRJ301|CSD201|MAS291,5.7
HE150067,Đặng Minh Hà,hadang103@gmail.com,24,Sinh viên,active,SWP391|PRJ301|PRO192|JPE255|MAE101,6.4
HE150068,Bùi Hoàng Khánh,khanhbui639@fpt.edu.vn,24,Sinh viên,active,PRJ301|MAS291|MAE101|CSD201|JPE255,7.8
HE150069,Nguyễn Thị Trang,trangnguyen137@fpt.edu.vn,21,Sinh viên,offline,JPE255|PRO192|CEA201,9.3
HE150070,Ngô Gia Bách,bachngo610@fpt.edu.vn,24,Sinh viên,active,MAS291|SWP391|CEA201|JPE255|CSD201,8.1
HE150071,Trần Gia Lan,lantran214@gmail.com,20,Sinh viên,active,JPE255|MAE101|PRO192|CSD201|CEA201,6.5
HE150072,Ngô Hải Tuấn,tuanngo608@gmail.com,20,Sinh viên,active,PRJ301|CEA201|JPE255|PRO192|MAE101,6.9
HE150073,Đặng Thành Sơn,sondang494@fpt.edu.vn,23,Sinh viên,offline,PRJ301|PRO192|JPD113|CSD201|CEA201,7.7
HE150074,Phan Thành Cường,cuongphan511@fpt.edu.vn,18,Sinh viên,active,MAS291|PRJ301|NWC203|MAE101,6.1
HE150075,Nguyễn Minh Nga,nganguyen857@fpt.edu.vn,19,Sinh viên,active,PRJ301|JPD113|CSD201,4.2
HE150076,Vũ Gia Tùng,tungvu128@fpt.edu.vn,23,Sinh viên,active,MAS291|MAE101|PRO192,7.2
HE150077,Hồ Đình Hoa,hoaho549@gmail.com,19,Sinh viên,offline,PRO192|JPD113|MAE101,6.3
HE150078,Hồ Quang Dũng,dungho530@fpt.edu.vn,21,Sinh viên,offline,SWP391|PRJ301|NWC203|PRO192|JPD113,6.8
HE150079,Hồ Ngọc Nga,ngaho619@gmail.com,20,Sinh viên,offline,CEA201|PRO192|CSD201|MAS291,4.2
HE150080,Trần Xuân Hà,hatran924@gmail.com,20,Sinh viên,offline,PRJ301|SWP391|CSD201|CEA201|MAS291,6.9
HE150081,Đỗ Ngọc Huy,huydo241@fpt.edu.vn,23,Sinh viên,active,CSD201|SWP391|MAS291|JPE255|MAE101,5.9
HE150082,Hồ Thị Bình,binhho678@gmail.com,19,Sinh viên,active,MAE101|PRJ301|SWP391,8.7
HE150083,Bùi Hải Bình,binhbui321@fpt.edu.vn,21,Sinh viên,offline,CEA201|CSD201|NWC203,5.4
HE150084,Nguyễn Đình Trang,trangnguyen68@fpt.edu.vn,20,Sinh viên,active,CSD201|PRJ301|JPE255|PRO192|MAE101,8.0
HE150085,Ngô Minh Sơn,sonngo729@fpt.edu.vn,18,Sinh viên,offline,JPD113|CEA201|CSD201|MAE101,9.4
HE150086,Lê Xuân Hương,huongle811@fpt.edu.vn,20,Sinh viên,offline,PRJ301|MAE101|MAS291,8.8
HE150087,Đỗ Thu Thảo,thaodo274@fpt.edu.vn,19,Sinh viên,offline,NWC203|SWP391|CEA201|JPE255|CSD201,4.4
HE150088,Đặng Minh Khoa,khoadang211@fpt.edu.vn,18,Sinh viên,active,PRO192|MAE101|SWP391|CEA201|JPD113,5.3
HE150089,Hoàng Hải Linh,linhhoang767@gmail.com,24,Sinh viên,offline,NWC203|JPD113|PRO192|CSD201|CEA201,8.1
HE150090,Lý Thanh Khoa,khoaly80@gmail.com,21,Sinh viên,active,MAS291|SWP391|PRO192|CEA201|MAE101,9.0
HE150091,Nguyễn Xuân Sơn,sonnguyen719@fpt.edu.vn,21,Sinh viên,active,MAE101|MAS291|SWP391|PRJ301,6.8
HE150092,Hồ Ngọc Bình,binhho690@fpt.edu.vn,20,Sinh viên,offline,MAE101|PRJ301|PRO192|CEA201,8.7
HE150093,Nguyễn Hữu Linh,linhnguyen467@gmail.com,23,Sinh viên,active,SWP391|PRO192|CEA201|NWC203|JPD113,8.7
HE150094,Lê Văn Vy,vyle37@fpt.edu.vn,22,Sinh viên,active,MAE101|SWP391|JPE255|PRJ301,7.9
HE150095,Bùi Thanh Lan,lanbui335@fpt.edu.vn,23,Sinh viên,offline,CEA201|SWP391|NWC203|PRO192|JPE255,5.5
HE150096,Đặng Đình Anh,anhdang548@fpt.edu.vn,19,Sinh viên,offline,JPD113|CEA201|PRO192|JPE255,8.8
HE150097,Vũ Minh Bách,bachvu848@fpt.edu.vn,20,Sinh viên,active,PRJ301|NWC203|MAE101|CSD201,9.3
HE150098,Vũ Hoàng Hương,huongvu755@gmail.com,23,Sinh viên,offline,MAS291|CSD201|SWP391|PRJ301,5.6
HE150099,Đỗ Gia Cường,cuongdo229@fpt.edu.vn,24,Sinh viên,offline,JPE255|MAE101|NWC203|CEA201,8.1
HE150100,Phạm Quang Hoa,hoapham634@gmail.com,22,Sinh viên,active,CSD201|JPD113|JPE255,9.2
HE150101,Hồ Xuân Hương,huongho409@gmail.com,22,Sinh viên,active,MAS291|SWP391|JPE255|NWC203,5.6
HE150102,Nguyễn Hoàng Thảo,thaonguyen430@fpt.edu.vn,22,Sinh viên,active,JPE255|CEA201|CSD201,6.1
HE150103,Dương Hoàng Hà,haduong960@fpt.edu.vn,24,Sinh viên,active,MAS291|CEA201|JPE255|MAE101|NWC203,4.7
HE150104,Bùi Thị Cường,cuongbui589@gmail.com,23,Sinh viên,offline,NWC203|SWP391|CSD201|MAE101,7.2
HE150105,Hoàng Minh Bình,binhhoang28@fpt.edu.vn,21,Sinh viên,active,MAS291|SWP391|CEA201|NWC203,9.0
HE150106,Nguyễn Thành Anh,anhnguyen50@fpt.edu.vn,24,Sinh viên,active,MAS291|CEA201|SWP391,8.0
HE150107,Lý Đức Tuấn,tuanly571@fpt.edu.vn,22,Sinh viên,active,CEA201|PRO192|MAE101|JPD113|NWC203,5.5
HE150108,Hồ Xuân Hoa,hoaho816@fpt.edu.vn,22,Sinh viên,active,PRO192|CSD201|SWP391,8.9
HE150109,Dương Đức Phong,phongduong161@fpt.edu.vn,19,Sinh viên,active,PRJ301|JPD113|MAS291,6.0
HE150110,Đặng Minh Bách,bachdang84@fpt.edu.vn,20,Sinh viên,offline,JPD113|NWC203|MAE101|JPE255,6.3
HE150111,Huỳnh Thị Tuấn,tuanhuynh794@gmail.com,20,Sinh viên,active,CSD201|SWP391|PRO192|NWC203|CEA201,6.7
HE150112,Phan Gia Khánh,khanhphan499@gmail.com,20,Sinh viên,offline,NWC203|MAE101|JPD113|JPE255|CSD201,4.5
HE150113,Lý Xuân Thảo,thaoly774@gmail.com,20,Sinh viên,active,NWC203|PRO192|CSD201|MAS291|MAE101,6.9
HE150114,Đỗ Thành Phong,phongdo693@fpt.edu.vn,23,Sinh viên,active,MAE101|MAS291|NWC203,8.2
HE150115,Đỗ Hải Hương,huongdo988@fpt.edu.vn,23,Sinh viên,offline,CEA201|JPD113|CSD201,6.3
HE150116,Đỗ Quang Hương,huongdo485@fpt.edu.vn,24,Sinh viên,offline,SWP391|NWC203|CSD201,5.4
HE150117,Đỗ Thanh Linh,linhdo732@fpt.edu.vn,20,Sinh viên,offline,NWC203|MAS291|PRJ301,8.1
HE150118,Ngô Quang Phong,phongngo219@fpt.edu.vn,22,Sinh viên,active,MAS291|JPE255|JPD113|PRJ301,9.8
HE150119,Lý Gia Tùng,tungly30@gmail.com,18,Sinh viên,active,PRO192|NWC203|CEA201|CSD201,7.6
HE150120,Dương Văn Tuấn,tuanduong700@gmail.com,21,Sinh viên,offline,PRO192|PRJ301|NWC203|JPD113|CSD201,9.0
HE150121,Huỳnh Hữu Phong,phonghuynh210@fpt.edu.vn,19,Sinh viên,active,JPD113|CEA201|MAS291,9.9
HE150122,Huỳnh Ngọc Bách,bachhuynh145@gmail.com,20,Sinh viên,active,NWC203|SWP391|CSD201,4.5
HE150123,Lý Thu Anh,anhly972@gmail.com,19,Sinh viên,offline,JPD113|PRO192|PRJ301|SWP391|CSD201,5.9
HE150124,Võ Xuân Trang,trangvo235@gmail.com,19,Sinh viên,active,CSD201|JPD113|MAS291,5.4
HE150125,Đặng Minh Nguyên,nguyendang811@gmail.com,19,Sinh viên,active,CSD201|PRO192|PRJ301,9.8
HE150126,Bùi Thu Tuấn,tuanbui998@gmail.com,23,Sinh viên,offline,CSD201|MAE101|PRJ301,9.4
HE150127,Trần Hoàng Long,longtran438@gmail.com,18,Sinh viên,active,CSD201|PRO192|SWP391|CEA201,8.6
HE150128,Nguyễn Thu Trang,trangnguyen611@fpt.edu.vn,24,Sinh viên,active,JPE255|MAS291|JPD113|CEA201|SWP391,7.7
HE150129,Đỗ Đình Phong,phongdo114@fpt.edu.vn,24,Sinh viên,active,JPE255|PRO192|JPD113,6.0
HE150130,Dương Ngọc Tuấn,tuanduong886@fpt.edu.vn,22,Sinh viên,offline,CEA201|PRO192|MAS291|NWC203|CSD201,8.2
HE150131,Trần Thu Hoa,hoatran193@gmail.com,20,Sinh viên,active,JPD113|MAS291|NWC203|MAE101,5.3
HE150132,Đặng Minh Khánh,khanhdang984@fpt.edu.vn,24,Sinh viên,active,CEA201|NWC203|MAE101|SWP391|PRO192,5.3
HE150133,Nguyễn Ngọc Nguyên,nguyennguyen375@fpt.edu.vn,19,Sinh viên,offline,NWC203|SWP391|CSD201|JPD113|MAE101,5.5
HE150134,Nguyễn Quang Bình,binhnguyen576@fpt.edu.vn,21,Sinh viên,offline,JPE255|NWC203|CSD201|PRJ301,5.7
HE150135,Đặng Ngọc Vy,vydang996@fpt.edu.vn,20,Sinh viên,active,MAS291|CEA201|NWC203|CSD201|MAE101,6.6
HE150136,Ngô Quang Hương,huongngo677@gmail.com,22,Sinh viên,active,MAE101|PRO192|NWC203|CEA201,9.2
HE150137,Ngô Hữu Phong,phongngo396@fpt.edu.vn,18,Sinh viên,offline,NWC203|CSD201|PRO192|SWP391,7.3
HE150138,Lý Quang Huy,huyly866@fpt.edu.vn,19,Sinh viên,active,MAE101|CSD201|PRJ301|MAS291,9.5
HE150139,Lê Ngọc Nga,ngale501@fpt.edu.vn,21,Sinh viên,offline,JPD113|MAS291|MAE101|NWC203,7.2
HE150140,Bùi Thanh Tuấn,tuanbui896@fpt.edu.vn,19,Sinh viên,offline,PRJ301|JPD113|CEA201|MAE101,9.4
HE150141,Hoàng Minh Khoa,khoahoang699@fpt.edu.vn,19,Sinh viên,active,JPD113|SWP391|CEA201|MAE101,8.0
HE150142,Đặng Hữu Trang,trangdang875@gmail.com,24,Sinh viên,active,NWC203|PRO192|CEA201,9.9
HE150143,Dương Quang Tùng,tungduong317@gmail.com,23,Sinh viên,offline,JPD113|NWC203|JPE255|CSD201,5.9
HE150144,Phạm Thị Nguyên,nguyenpham346@gmail.com,24,Sinh viên,offline,NWC203|JPE255|CSD201|JPD113,4.3
HE150145,Lý Hoàng Hà,haly290@fpt.edu.vn,20,Sinh viên,offline,PRJ301|MAS291|NWC203|CSD201,10.0
HE150146,Phan Thu Tùng,tungphan613@gmail.com,21,Sinh viên,offline,JPE255|PRJ301|SWP391|MAE101|CSD201,4.4
HE150147,Dương Gia Hoa,hoaduong199@gmail.com,19,Sinh viên,offline,MAE101|PRO192|JPD113|JPE255,8.1
HE150148,Đỗ Thị Phong,phongdo873@fpt.edu.vn,21,Sinh viên,offline,CSD201|CEA201|JPE255|MAS291,4.5
HE150149,Trần Hữu Trang,trangtran915@fpt.edu.vn,20,Sinh viên,offline,JPD113|JPE255|SWP391,5.9
HE150150,Đỗ Đức Hà,hado304@gmail.com,23,Sinh viên,offline,SWP391|PRJ301|JPD113|MAS291,9.2
HE150151,Hoàng Văn Bách,bachhoang626@gmail.com,18,Sinh viên,offline,NWC203|CEA201|SWP391,5.9
HE150152,Hồ Đức Hà,haho904@gmail.com,23,Sinh viên,active,SWP391|CEA201|JPD113|PRJ301,5.2
HE150153,Huỳnh Ngọc Sơn,sonhuynh385@fpt.edu.vn,22,Sinh viên,active,CEA201|JPD113|PRJ301|PRO192|CSD201,7.8
HE150154,Dương Đình Lan,landuong793@fpt.edu.vn,23,Sinh viên,offline,PRO192|JPE255|CSD201|MAS291,6.8
HE150155,Dương Thành Cường,cuongduong192@gmail.com,20,Sinh viên,active,MAS291|PRO192|MAE101|JPE255,4.7
HE150156,Bùi Xuân Phong,phongbui235@gmail.com,18,Sinh viên,active,PRJ301|CSD201|PRO192|MAE101,8.5
HE150157,Bùi Văn Tuấn,tuanbui233@gmail.com,19,Sinh viên,active,JPD113|CEA201|JPE255|SWP391|PRJ301,6.5
HE150158,Đỗ Hoàng Sơn,sondo299@gmail.com,22,Sinh viên,active,NWC203|JPD113|JPE255|MAS291,4.2
HE150159,Võ Đình Khánh,khanhvo348@gmail.com,19,Sinh viên,active,MAE101|SWP391|JPE255|MAS291|PRJ301,9.4
HE150160,Trần Thanh Khánh,khanhtran92@fpt.edu.vn,23,Sinh viên,offline,NWC203|MAS291|JPE255,4.4
HE150161,Đỗ Gia Vy,vydo615@gmail.com,18,Sinh viên,offline,PRO192|SWP391|MAS291,8.9
HE150162,Đặng Thanh Khoa,khoadang299@fpt.edu.vn,24,Sinh viên,active,MAE101|NWC203|MAS291,7.6
HE150163,Huỳnh Đình Dũng,dunghuynh946@gmail.com,23,Sinh viên,offline,PRO192|JPE255|NWC203|MAS291|MAE101,5.7
HE150164,Hoàng Thành Tùng,tunghoang685@gmail.com,24,Sinh viên,active,CEA201|SWP391|JPE255|PRJ301|CSD201,6.5
HE150165,Huỳnh Đức Hương,huonghuynh107@gmail.com,22,Sinh viên,active,MAS291|JPE255|CSD201,9.1
HE150166,Đỗ Ngọc Khoa,khoado517@fpt.edu.vn,19,Sinh viên,active,PRJ301|JPE255|CSD201,8.4
HE150167,Đặng Quang Bình,binhdang866@fpt.edu.vn,23,Sinh viên,active,JPE255|NWC203|PRJ301|MAE101,6.0
HE150168,Phan Thu Hà,haphan816@gmail.com,24,Sinh viên,active,PRJ301|PRO192|MAE101|NWC203|JPD113,5.0
HE150169,Hoàng Xuân Vy,vyhoang191@fpt.edu.vn,18,Sinh viên,active,MAE101|MAS291|JPD113|JPE255,6.1
HE150170,Hoàng Hoàng Vy,vyhoang872@fpt.edu.vn,22,Sinh viên,active,PRJ301|JPE255|JPD113|CSD201,5.7
HE150171,Phan Thu Linh,linhphan890@fpt.edu.vn,24,Sinh viên,active,MAE101|PRJ301|JPE255|NWC203,9.6
HE150172,Nguyễn Quang Khoa,khoanguyen594@fpt.edu.vn,24,Sinh viên,active,NWC203|MAS291|CSD201|JPD113|PRO192,9.8
HE150173,Dương Đình Anh,anhduong979@fpt.edu.vn,24,Sinh viên,offline,PRJ301|CSD201|MAS291|PRO192,8.7
HE150174,Võ Xuân Huy,huyvo974@gmail.com,18,Sinh viên,active,PRO192|SWP391|MAE101,6.8
HE150175,Ngô Văn Thảo,thaongo18@fpt.edu.vn,20,Sinh viên,offline,CEA201|MAE101|JPE255,5.5
HE150176,Huỳnh Thanh Bình,binhhuynh299@fpt.edu.vn,18,Sinh viên,active,PRJ301|JPD113|MAS291|PRO192|CEA201,9.7
HE150177,Vũ Thu Bình,binhvu374@gmail.com,21,Sinh viên,offline,MAS291|SWP391|JPE255|PRJ301,4.2
HE150178,Bùi Quang Nga,ngabui345@fpt.edu.vn,22,Sinh viên,active,NWC203|MAS291|JPE255|SWP391,6.2
HE150179,Lý Thành Thảo,thaoly844@fpt.edu.vn,24,Sinh viên,active,CEA201|MAE101|CSD201|NWC203,8.5
HE150180,Hồ Ngọc Vy,vyho35@gmail.com,23,Sinh viên,offline,PRO192|PRJ301|SWP391|CSD201|JPE255,5.2
HE150181,Võ Gia Vy,vyvo106@fpt.edu.vn,23,Sinh viên,offline,CEA201|JPE255|NWC203,4.3
HE150182,Bùi Thanh Hoa,hoabui12@gmail.com,23,Sinh viên,active,SWP391|MAS291|MAE101,6.5
HE150183,Dương Thành Nga,ngaduong709@fpt.edu.vn,24,Sinh viên,offline,PRJ301|CSD201|PRO192|JPE255|JPD113,6.7
HE150184,Phan Xuân Phong,phongphan667@gmail.com,24,Sinh viên,active,MAS291|MAE101|JPD113|JPE255,6.1
HE150185,Võ Hữu Dũng,dungvo768@gmail.com,22,Sinh viên,active,PRJ301|NWC203|SWP391|CSD201,5.5
HE150186,Trần Hải Phong,phongtran887@fpt.edu.vn,23,Sinh viên,offline,CEA201|PRJ301|MAS291|CSD201|PRO192,6.1
HE150187,Lê Hữu Trang,trangle692@fpt.edu.vn,19,Sinh viên,active,MAS291|PRO192|CSD201|JPE255|JPD113,5.3
HE150188,Nguyễn Thanh Phong,phongnguyen835@fpt.edu.vn,23,Sinh viên,active,MAS291|JPD113|SWP391|PRJ301,6.4
HE150189,Dương Xuân Nga,ngaduong565@gmail.com,20,Sinh viên,active,JPD113|MAE101|PRJ301|JPE255|CEA201,5.4
HE150190,Đỗ Thu Hoa,hoado399@gmail.com,24,Sinh viên,offline,CSD201|CEA201|PRO192|MAS291,9.7
HE150191,Hồ Thành Khánh,khanhho912@gmail.com,24,Sinh viên,offline,SWP391|PRO192|CEA201|CSD201,8.2
HE150192,Lê Thị Long,longle465@fpt.edu.vn,21,Sinh viên,offline,CEA201|JPE255|MAS291,4.9
HE150193,Lê Xuân Hà,hale60@gmail.com,22,Sinh viên,active,NWC203|JPE255|MAS291,4.8
HE150194,Đỗ Đức Thảo,thaodo378@fpt.edu.vn,18,Sinh viên,offline,MAS291|JPD113|JPE255|PRJ301,6.0
HE150195,Lý Hải Thảo,thaoly575@gmail.com,18,Sinh viên,offline,JPD113|CEA201|MAS291|PRJ301|PRO192,9.4
HE150196,Hồ Đức Lan,lanho649@gmail.com,23,Sinh viên,active,CSD201|NWC203|PRO192,9.4
HE150197,Phạm Gia Thảo,thaopham430@fpt.edu.vn,23,Sinh viên,active,PRO192|CSD201|CEA201|MAS291,4.8
HE150198,Võ Thành Nguyên,nguyenvo395@fpt.edu.vn,22,Sinh viên,active,CSD201|PRO192|MAS291,4.6
HE150199,Lê Hoàng Nga,ngale470@gmail.com,22,Sinh viên,offline,CEA201|NWC203|JPE255|PRJ301,6.3
HE150200,Bùi Đức Sơn,sonbui76@gmail.com,23,Sinh viên,active,CEA201|MAS291|JPD113,4.3
HE150201,Lý Thu Thảo,thaoly685@gmail.com,23,Sinh viên,offline,JPD113|CEA201|JPE255|PRJ301|SWP391,6.5
HE150202,Nguyễn Hoàng Khánh,khanhnguyen792@fpt.edu.vn,23,Sinh viên,offline,MAE101|NWC203|SWP391,8.7
HE150203,Lý Văn Tuấn,tuanly982@gmail.com,19,Sinh viên,offline,PRJ301|JPE255|MAS291|PRO192|JPD113,4.9
HE150204,Lê Hoàng Hà,hale200@fpt.edu.vn,22,Sinh viên,offline,MAE101|SWP391|CEA201|JPD113|CSD201,5.5
HE150205,Lê Ngọc Khoa,khoale464@fpt.edu.vn,19,Sinh viên,offline,MAS291|CSD201|MAE101,5.9
HE150206,Lý Ngọc Khoa,khoaly280@fpt.edu.vn,18,Sinh viên,offline,SWP391|CEA201|MAS291,4.1
HE150207,Huỳnh Thu Bình,binhhuynh973@fpt.edu.vn,21,Sinh viên,active,CEA201|MAE101|MAS291,4.3
HE150208,Nguyễn Thanh Tùng,tungnguyen483@gmail.com,18,Sinh viên,active,CSD201|PRO192|CEA201|NWC203|SWP391,5.8
HE150209,Nguyễn Gia Long,longnguyen179@fpt.edu.vn,20,Sinh viên,offline,JPE255|PRO192|SWP391,4.4
HE150210,Hồ Thanh Long,longho657@fpt.edu.vn,23,Sinh viên,active,JPE255|JPD113|SWP391|PRJ301,5.3
HE150211,Huỳnh Hữu Vy,vyhuynh188@fpt.edu.vn,20,Sinh viên,active,MAS291|PRJ301|JPE255,4.1
HE150212,Lê Văn Dũng,dungle681@gmail.com,19,Sinh viên,offline,MAS291|PRO192|SWP391|JPD113|NWC203,5.1
HE150213,Dương Minh Bách,bachduong578@fpt.edu.vn,21,Sinh viên,active,CSD201|JPE255|PRJ301,6.1
HE150214,Đỗ Thành Thảo,thaodo37@gmail.com,20,Sinh viên,active,PRJ301|NWC203|MAS291,4.1
HE150215,Bùi Thu Long,longbui733@gmail.com,18,Sinh viên,offline,PRJ301|SWP391|MAS291,9.6
HE150216,Hoàng Hữu Dũng,dunghoang101@gmail.com,23,Sinh viên,active,MAS291|MAE101|JPE255|CEA201,5.3
HE150217,Phan Văn Khoa,khoaphan665@gmail.com,22,Sinh viên,offline,CEA201|MAE101|PRJ301|NWC203,5.6
HE150218,Huỳnh Xuân Nguyên,nguyenhuynh151@gmail.com,18,Sinh viên,active,MAE101|PRO192|JPE255|MAS291,9.3
HE150219,Đặng Thu Khánh,khanhdang186@gmail.com,18,Sinh viên,offline,SWP391|MAS291|NWC203,7.3
HE150220,Phạm Đức Huy,huypham640@gmail.com,22,Sinh viên,active,NWC203|CEA201|JPD113,5.6
HE150221,Ngô Thành Hoa,hoango140@gmail.com,23,Sinh viên,offline,MAS291|CSD201|PRO192|JPE255|PRJ301,8.2
HE150222,Dương Hải Anh,anhduong972@gmail.com,20,Sinh viên,offline,JPE255|MAE101|JPD113|CSD201,4.4
HE150223,Nguyễn Thu Thảo,thaonguyen553@gmail.com,21,Sinh viên,offline,JPD113|SWP391|PRO192|MAS291,4.9
HE150224,Dương Quang Nguyên,nguyenduong372@fpt.edu.vn,21,Sinh viên,offline,PRJ301|CSD201|MAS291|CEA201|JPE255,9.7
HE150225,Lý Thành Trang,trangly663@fpt.edu.vn,24,Sinh viên,active,MAS291|NWC203|JPE255|JPD113|PRJ301,8.0
HE150226,Lê Thanh Hoa,hoale773@gmail.com,20,Sinh viên,offline,PRO192|NWC203|MAE101|CSD201,7.3
HE150227,Phan Thị Nguyên,nguyenphan171@gmail.com,18,Sinh viên,active,CEA201|CSD201|MAE101,5.5
HE150228,Phan Thành Vy,vyphan282@fpt.edu.vn,22,Sinh viên,offline,CSD201|MAE101|JPE255|PRO192|SWP391,9.5
HE150229,Ngô Hữu Anh,anhngo608@gmail.com,23,Sinh viên,offline,CSD201|CEA201|NWC203|MAE101|MAS291,9.7
HE150230,Vũ Thị Sơn,sonvu961@gmail.com,19,Sinh viên,offline,CEA201|SWP391|PRJ301|PRO192|CSD201,9.7
HE150231,Đỗ Thị Vy,vydo668@gmail.com,21,Sinh viên,offline,SWP391|CSD201|CEA201,5.3
HE150232,Hồ Hữu Hà,haho117@fpt.edu.vn,20,Sinh viên,offline,PRO192|JPD113|SWP391,9.9
HE150233,Trần Xuân Hương,huongtran698@fpt.edu.vn,21,Sinh viên,active,MAE101|JPD113|PRJ301|CEA201|CSD201,5.1
HE150234,Nguyễn Thị Thảo,thaonguyen90@fpt.edu.vn,19,Sinh viên,active,JPE255|PRO192|PRJ301,6.5
HE150235,Nguyễn Xuân Lan,lannguyen443@fpt.edu.vn,19,Sinh viên,active,PRJ301|PRO192|NWC203,9.3
HE150236,Ngô Đình Bình,binhngo481@gmail.com,18,Sinh viên,offline,CEA201|JPD113|NWC203|MAS291,5.1
HE150237,Phạm Thị Trang,trangpham629@fpt.edu.vn,24,Sinh viên,active,MAS291|CSD201|CEA201|MAE101|PRJ301,9.9
HE150238,Đặng Đình Sơn,sondang687@gmail.com,22,Sinh viên,offline,JPE255|CSD201|NWC203|PRJ301|JPD113,5.8
HE150239,Đỗ Gia Khoa,khoado688@gmail.com,18,Sinh viên,offline,CSD201|MAS291|MAE101|JPE255,6.3
HE150240,Phạm Thị Phong,phongpham148@gmail.com,19,Sinh viên,offline,MAE101|MAS291|PRO192|JPD113|SWP391,5.8
HE150241,Nguyễn Thành Khánh,khanhnguyen159@gmail.com,20,Sinh viên,active,MAE101|JPE255|CEA201|CSD201,6.2
HE150242,Lý Đình Hà,haly262@gmail.com,20,Sinh viên,active,JPD113|MAE101|PRJ301,5.1
HE150243,Ngô Gia Huy,huyngo344@fpt.edu.vn,18,Sinh viên,active,MAS291|JPD113|MAE101|NWC203|JPE255,6.6
HE150244,Huỳnh Thành Thảo,thaohuynh171@fpt.edu.vn,21,Sinh viên,active,PRO192|SWP391|MAS291,5.3
HE150245,Đỗ Hữu Khoa,khoado331@gmail.com,18,Sinh viên,active,MAE101|MAS291|CSD201,9.9
HE150246,Đỗ Ngọc Sơn,sondo852@gmail.com,23,Sinh viên,offline,MAS291|MAE101|PRJ301|PRO192|CEA201,5.8
HE150247,Võ Gia Phong,phongvo811@gmail.com,22,Sinh viên,active,MAS291|NWC203|MAE101|JPD113|PRJ301,7.8
HE150248,Hồ Hoàng Hoa,hoaho533@fpt.edu.vn,21,Sinh viên,active,PRO192|SWP391|CSD201|JPE255,8.3
HE150249,Lê Hải Dũng,dungle620@gmail.com,24,Sinh viên,active,JPE255|MAE101|JPD113,6.7
HE150250,Hoàng Hải Khánh,khanhhoang603@fpt.edu.vn,21,Sinh viên,active,JPD113|PRO192|JPE255|CSD201|PRJ301,7.8
HE150251,Đỗ Xuân Cường,cuongdo985@gmail.com,24,Sinh viên,active,PRO192|PRJ301|MAE101|MAS291|CEA201,7.2
HE150252,Phan Hoàng Nga,ngaphan280@fpt.edu.vn,22,Sinh viên,offline,PRJ301|JPD113|SWP391|JPE255,7.7
HE150253,Phan Minh Trang,trangphan746@gmail.com,23,Sinh viên,offline,CEA201|JPE255|MAS291,6.0
HE150254,Ngô Minh Hoa,hoango569@gmail.com,24,Sinh viên,offline,MAE101|JPE255|CSD201,4.2
HE150255,Phạm Hữu Linh,linhpham360@gmail.com,23,Sinh viên,active,CEA201|MAS291|MAE101,4.0
HE150256,Vũ Quang Nga,ngavu17@gmail.com,24,Sinh viên,offline,CEA201|MAE101|PRO192,7.5
HE150257,Phan Thị Vy,vyphan900@gmail.com,18,Sinh viên,active,JPE255|PRO192|CEA201|PRJ301|MAS291,9.7
HE150258,Lý Hữu Khánh,khanhly214@fpt.edu.vn,19,Sinh viên,offline,MAS291|JPE255|NWC203|SWP391,8.8
HE150259,Trần Văn Linh,linhtran76@gmail.com,20,Sinh viên,active,PRO192|CSD201|JPE255,7.2
HE150260,Trần Đình Anh,anhtran718@gmail.com,18,Sinh viên,active,PRO192|JPE255|JPD113|CSD201,6.3
HE150261,Trần Hoàng Hương,huongtran103@gmail.com,20,Sinh viên,active,CEA201|NWC203|JPD113,6.9
HE150262,Trần Hữu Huy,huytran628@gmail.com,18,Sinh viên,offline,PRO192|PRJ301|CEA201,5.0
HE150263,Đỗ Ngọc Dũng,dungdo179@gmail.com,22,Sinh viên,active,PRO192|CEA201|JPD113|MAE101,9.0
HE150264,Lê Thanh Phong,phongle874@gmail.com,20,Sinh viên,offline,JPD113|CEA201|MAS291|MAE101,9.2
HE150265,Dương Đức Thảo,thaoduong724@fpt.edu.vn,18,Sinh viên,offline,MAE101|MAS291|JPD113|JPE255|PRO192,9.6
HE150266,Huỳnh Đức Bách,bachhuynh469@gmail.com,22,Sinh viên,offline,JPD113|PRJ301|JPE255|CSD201,8.8
HE150267,Bùi Văn Hương,huongbui945@gmail.com,21,Sinh viên,offline,MAS291|NWC203|CEA201|PRJ301,5.9
HE150268,Bùi Hữu Bình,binhbui959@gmail.com,19,Sinh viên,offline,MAE101|CSD201|JPE255|NWC203,8.4
HE150269,Lý Đức Nga,ngaly857@gmail.com,21,Sinh viên,offline,CEA201|PRJ301|JPE255,6.8
HE150270,Phan Văn Cường,cuongphan693@gmail.com,24,Sinh viên,active,JPE255|JPD113|MAE101|PRJ301,9.1
HE150271,Bùi Hữu Anh,anhbui479@fpt.edu.vn,21,Sinh viên,active,PRJ301|CEA201|MAE101|CSD201,7.9
HE150272,Đặng Gia Hương,huongdang821@fpt.edu.vn,23,Sinh viên,offline,PRJ301|JPE255|SWP391|PRO192|JPD113,6.2
HE150273,Phạm Thu Bách,bachpham491@gmail.com,19,Sinh viên,offline,JPD113|SWP391|PRO192|NWC203|PRJ301,9.4
HE150274,Huỳnh Thu Khánh,khanhhuynh75@fpt.edu.vn,19,Sinh viên,active,JPE255|NWC203|CSD201|CEA201|SWP391,6.1
HE150275,Lý Đình Sơn,sonly423@fpt.edu.vn,23,Sinh viên,offline,CEA201|CSD201|PRJ301|JPD113|SWP391,6.5
HE150276,Dương Văn Hà,haduong818@gmail.com,22,Sinh viên,offline,PRJ301|MAE101|CSD201|CEA201,8.6
HE150277,Hồ Đức Bình,binhho825@gmail.com,21,Sinh viên,offline,SWP391|CSD201|PRJ301,9.0
HE150278,Bùi Thanh Bình,binhbui319@fpt.edu.vn,19,Sinh viên,offline,JPD113|MAS291|CEA201|PRO192,8.8
HE150279,Hoàng Minh Tuấn,tuanhoang638@fpt.edu.vn,21,Sinh viên,active,MAS291|SWP391|MAE101|CEA201,4.1
HE150280,Lê Hữu Hà,hale984@fpt.edu.vn,23,Sinh viên,offline,JPD113|JPE255|CEA201|PRO192|MAS291,7.6
HE150281,Đỗ Thị Huy,huydo24@fpt.edu.vn,19,Sinh viên,offline,PRJ301|JPD113|SWP391|NWC203,7.6
HE150282,Phan Hoàng Hoa,hoaphan816@gmail.com,24,Sinh viên,active,CSD201|PRO192|SWP391|MAE101|NWC203,5.9
HE150283,Nguyễn Thị Huy,huynguyen208@fpt.edu.vn,22,Sinh viên,offline,NWC203|SWP391|PRO192|CEA201|MAE101,4.3
HE150284,Lý Văn Bách,bachly1@gmail.com,23,Sinh viên,offline,SWP391|MAE101|CEA201,4.2
HE150285,Lý Hải Tuấn,tuanly873@gmail.com,22,Sinh viên,active,MAS291|CSD201|MAE101,9.2
HE150286,Võ Minh Hà,havo106@fpt.edu.vn,21,Sinh viên,offline,SWP391|PRO192|NWC203|JPE255|MAE101,4.4
HE150287,Hoàng Hữu Bách,bachhoang81@gmail.com,20,Sinh viên,offline,JPD113|PRO192|JPE255,7.0
HE150288,Nguyễn Văn Trang,trangnguyen816@fpt.edu.vn,20,Sinh viên,active,PRJ301|PRO192|MAE101,6.5
HE150289,Trần Gia Hoa,hoatran744@fpt.edu.vn,22,Sinh viên,offline,CEA201|MAS291|MAE101|PRJ301,9.6
HE150290,Lê Ngọc Bách,bachle83@fpt.edu.vn,24,Sinh viên,offline,MAE101|NWC203|PRO192|JPE255,5.4
HE150291,Đặng Hải Long,longdang175@fpt.edu.vn,21,Sinh viên,offline,PRO192|MAE101|PRJ301|CSD201|JPE255,8.6
HE150292,Ngô Hoàng Hà,hango256@fpt.edu.vn,21,Sinh viên,offline,JPE255|SWP391|CSD201|PRJ301|MAS291,9.0
HE150293,Trần Hữu Tuấn,tuantran781@fpt.edu.vn,24,Sinh viên,active,JPE255|MAS291|JPD113,7.2
HE150294,Lê Đình Hoa,hoale526@gmail.com,18,Sinh viên,active,PRJ301|SWP391|CSD201|JPE255|PRO192,4.8
HE150295,Huỳnh Minh Vy,vyhuynh106@fpt.edu.vn,23,Sinh viên,offline,MAE101|PRJ301|CSD201,5.7
HE150296,Phạm Hoàng Trang,trangpham728@gmail.com,21,Sinh viên,active,NWC203|JPE255|CEA201|MAS291,6.0
HE150297,Phan Thị Khoa,khoaphan372@fpt.edu.vn,21,Sinh viên,active,JPE255|NWC203|CEA201|JPD113,4.8
HE150298,Lý Thanh Sơn,sonly476@gmail.com,20,Sinh viên,offline,NWC203|MAE101|SWP391|CSD201|JPE255,7.5
HE150299,Ngô Đức Hoa,hoango656@fpt.edu.vn,19,Sinh viên,offline,MAE101|PRJ301|MAS291,5.8
HE150300,Lý Gia Nga,ngaly507@gmail.com,20,Sinh viên,offline,PRJ301|NWC203|JPD113,5.3
HE150301,Lý Thanh Khánh,khanhly147@fpt.edu.vn,22,Sinh viên,offline,JPD113|CSD201|NWC203|PRO192|MAE101,4.4
HE150302,Lê Ngọc Bình,binhle567@fpt.edu.vn,22,Sinh viên,active,SWP391|JPD113|NWC203,8.2
HE150303,Huỳnh Hải Phong,phonghuynh954@gmail.com,21,Sinh viên,active,PRJ301|NWC203|JPE255,9.1
HE150304,Dương Thị Sơn,sonduong239@fpt.edu.vn,20,Sinh viên,active,JPD113|JPE255|NWC203|CEA201|PRJ301,6.9
HE150305,Hồ Thu Trang,trangho168@fpt.edu.vn,23,Sinh viên,active,PRO192|PRJ301|SWP391|JPE255,8.0
HE150306,Hồ Ngọc Hương,huongho962@gmail.com,23,Sinh viên,offline,NWC203|SWP391|MAE101,8.8
HE150307,Hồ Minh Hoa,hoaho102@gmail.com,19,Sinh viên,offline,CSD201|JPD113|NWC203|JPE255|CEA201,8.1
HE150308,Hoàng Văn Tuấn,tuanhoang328@gmail.com,23,Sinh viên,active,JPD113|NWC203|MAE101|PRJ301,9.1
HE150309,Lý Hữu Hương,huongly847@gmail.com,23,Sinh viên,offline,MAS291|SWP391|PRJ301,9.6
HE150310,Phan Hải Bách,bachphan937@fpt.edu.vn,22,Sinh viên,active,JPD113|CSD201|MAS291|NWC203,4.7
HE150311,Bùi Xuân Tùng,tungbui5@fpt.edu.vn,21,Sinh viên,active,PRO192|NWC203|CEA201|SWP391|MAS291,8.3
HE150312,Vũ Gia Vy,vyvu855@fpt.edu.vn,22,Sinh viên,active,MAE101|MAS291|PRJ301|CEA201,4.2
HE150313,Ngô Minh Khánh,khanhngo157@gmail.com,21,Sinh viên,active,CEA201|PRO192|NWC203|JPD113,5.9
HE150314,Nguyễn Hoàng Nguyên,nguyennguyen662@fpt.edu.vn,22,Sinh viên,offline,JPD113|SWP391|CEA201|PRO192,8.8
HE150315,Hồ Gia Phong,phongho166@gmail.com,23,Sinh viên,active,CEA201|NWC203|MAE101,4.1
HE150316,Võ Thành Tuấn,tuanvo321@fpt.edu.vn,21,Sinh viên,offline,NWC203|PRJ301|MAS291|CSD201,7.8
HE150317,Lý Hữu Long,longly379@gmail.com,18,Sinh viên,offline,JPE255|PRJ301|CSD201|MAS291,9.3
HE150318,Nguyễn Ngọc Bình,binhnguyen222@fpt.edu.vn,21,Sinh viên,active,JPD113|PRO192|CSD201|NWC203,5.8
HE150319,Lý Hữu Sơn,sonly770@gmail.com,18,Sinh viên,offline,MAS291|JPD113|PRJ301|JPE255,5.8
HE150320,Trần Gia Cường,cuongtran59@gmail.com,22,Sinh viên,offline,CEA201|MAE101|JPD113|SWP391,5.2
HE150321,Hồ Đức Sơn,sonho289@gmail.com,23,Sinh viên,active,MAS291|JPE255|CSD201|JPD113|CEA201,6.0
HE150322,Phạm Thành Tùng,tungpham955@fpt.edu.vn,18,Sinh viên,active,CEA201|JPE255|PRJ301,7.7
HE150323,Nguyễn Quang Anh,anhnguyen536@fpt.edu.vn,20,Sinh viên,active,CSD201|NWC203|MAE101|SWP391|CEA201,6.3
HE150324,Đỗ Ngọc Hương,huongdo573@fpt.edu.vn,22,Sinh viên,offline,MAE101|JPD113|NWC203|MAS291,5.6
HE150325,Dương Đức Linh,linhduong972@fpt.edu.vn,21,Sinh viên,offline,NWC203|MAE101|MAS291|CSD201,5.6
HE150326,Phan Hải Tùng,tungphan94@gmail.com,19,Sinh viên,offline,JPD113|CEA201|JPE255|NWC203,5.2
HE150327,Bùi Đức Tuấn,tuanbui25@fpt.edu.vn,18,Sinh viên,offline,PRO192|SWP391|NWC203|JPE255|JPD113,9.2
HE150328,Nguyễn Văn Khoa,khoanguyen366@gmail.com,19,Sinh viên,offline,PRJ301|CSD201|NWC203,6.5
HE150329,Bùi Đức Tùng,tungbui431@gmail.com,19,Sinh viên,active,NWC203|JPD113|JPE255,9.5
HE150330,Bùi Gia Phong,phongbui305@gmail.com,21,Sinh viên,active,MAE101|JPE255|CSD201,10.0
HE150331,Lê Hữu Linh,linhle637@fpt.edu.vn,22,Sinh viên,offline,MAE101|JPE255|JPD113|CSD201,9.1
HE150332,Huỳnh Thành Linh,linhhuynh604@fpt.edu.vn,24,Sinh viên,active,NWC203|SWP391|MAE101|PRJ301|JPD113,6.3
HE150333,Huỳnh Thành Nga,ngahuynh820@gmail.com,21,Sinh viên,active,JPE255|CEA201|MAE101|NWC203,4.8
HE150334,Huỳnh Gia Bình,binhhuynh256@fpt.edu.vn,22,Sinh viên,offline,PRO192|JPE255|NWC203|MAS291,8.3
HE150335,Nguyễn Quang Dũng,dungnguyen603@fpt.edu.vn,20,Sinh viên,active,JPD113|NWC203|SWP391|CEA201|CSD201,9.8
HE150336,Đặng Ngọc Bách,bachdang632@gmail.com,19,Sinh viên,active,CSD201|PRO192|MAS291|SWP391|JPD113,6.5
HE150337,Huỳnh Đức Hoa,hoahuynh480@fpt.edu.vn,19,Sinh viên,offline,NWC203|JPD113|CEA201|JPE255,4.8
HE150338,Dương Hải Vy,vyduong714@fpt.edu.vn,18,Sinh viên,offline,JPE255|MAE101|CEA201,5.5
HE150339,Dương Quang Dũng,dungduong632@fpt.edu.vn,19,Sinh viên,active,PRO192|NWC203|PRJ301|JPE255,7.6
HE150340,Trần Hải Khánh,khanhtran890@fpt.edu.vn,24,Sinh viên,offline,CEA201|PRO192|SWP391,5.2
HE150341,Huỳnh Văn Bách,bachhuynh467@gmail.com,18,Sinh viên,active,JPD113|JPE255|PRO192,8.2
HE150342,Phan Hải Phong,phongphan786@gmail.com,23,Sinh viên,active,CSD201|JPE255|PRJ301,6.3
HE150343,Nguyễn Thu Anh,anhnguyen645@fpt.edu.vn,18,Sinh viên,active,JPE255|SWP391|MAE101,4.7
HE150344,Huỳnh Hải Linh,linhhuynh149@fpt.edu.vn,21,Sinh viên,offline,MAS291|NWC203|PRO192|MAE101,6.8
HE150345,Võ Hải Dũng,dungvo725@fpt.edu.vn,18,Sinh viên,offline,JPE255|MAE101|SWP391,4.5
HE150346,Đỗ Gia Nga,ngado109@fpt.edu.vn,24,Sinh viên,active,JPE255|PRJ301|CEA201|MAS291|NWC203,9.3
HE150347,Bùi Gia Thảo,thaobui103@gmail.com,18,Sinh viên,offline,MAE101|PRO192|CEA201,4.0
HE150348,Ngô Văn Trang,trangngo882@gmail.com,23,Sinh viên,active,MAS291|NWC203|SWP391|CEA201,8.1
HE150349,Vũ Hải Phong,phongvu667@gmail.com,20,Sinh viên,active,CEA201|SWP391|CSD201|JPE255|PRJ301,4.1
HE150350,Lê Quang Khoa,khoale671@gmail.com,21,Sinh viên,offline,PRO192|JPD113|MAS291|NWC203|CSD201,7.9
HE150351,Trần Đức Khánh,khanhtran534@gmail.com,18,Sinh viên,offline,NWC203|CSD201|JPE255|SWP391|MAS291,5.2
HE150352,Phạm Thanh Bình,binhpham486@fpt.edu.vn,23,Sinh viên,active,JPE255|SWP391|JPD113|PRJ301|MAE101,4.9
HE150353,Đặng Hoàng Phong,phongdang464@gmail.com,19,Sinh viên,offline,MAE101|CSD201|CEA201|NWC203|MAS291,4.9
HE150354,Trần Đình Vy,vytran703@gmail.com,18,Sinh viên,offline,PRO192|JPE255|NWC203,9.2
HE150355,Ngô Thị Phong,phongngo743@fpt.edu.vn,19,Sinh viên,active,MAS291|SWP391|CSD201|PRO192,9.2
HE150356,Trần Đình Long,longtran629@fpt.edu.vn,22,Sinh viên,offline,NWC203|JPD113|PRJ301|MAE101,5.4
HE150357,Phạm Thành Trang,trangpham825@fpt.edu.vn,24,Sinh viên,active,CEA201|JPE255|CSD201|JPD113|MAE101,5.9
HE150358,Đặng Đức Thảo,thaodang896@fpt.edu.vn,19,Sinh viên,active,SWP391|JPE255|CSD201,8.1
HE150359,Phan Thành Huy,huyphan709@fpt.edu.vn,20,Sinh viên,active,CSD201|JPD113|JPE255,5.7
HE150360,Vũ Hoàng Tuấn,tuanvu960@gmail.com,20,Sinh viên,offline,NWC203|MAS291|CSD201|PRJ301|SWP391,9.9
HE150361,Đỗ Xuân Trang,trangdo685@fpt.edu.vn,22,Sinh viên,offline,CEA201|SWP391|PRO192|PRJ301|JPD113,9.9
HE150362,Nguyễn Thu Hương,huongnguyen660@gmail.com,20,Sinh viên,active,NWC203|JPE255|JPD113,6.0
HE150363,Hoàng Ngọc Hà,hahoang15@gmail.com,19,Sinh viên,offline,CEA201|CSD201|SWP391|JPD113,4.2
HE150364,Phan Hải Sơn,sonphan458@gmail.com,21,Sinh viên,active,JPE255|CEA201|MAE101,5.0
HE150365,Nguyễn Đình Phong,phongnguyen406@fpt.edu.vn,20,Sinh viên,active,NWC203|SWP391|JPD113|PRO192,9.1
HE150366,Hoàng Xuân Dũng,dunghoang137@fpt.edu.vn,19,Sinh viên,active,CEA201|SWP391|JPE255|JPD113|MAS291,4.1
HE150367,Lê Văn Linh,linhle842@gmail.com,20,Sinh viên,active,CEA201|PRO192|NWC203|PRJ301,8.2
HE150368,Đỗ Thanh Vy,vydo615@gmail.com,22,Sinh viên,active,NWC203|MAS291|JPD113|PRO192|MAE101,5.3
HE150369,Hoàng Hải Hà,hahoang996@fpt.edu.vn,23,Sinh viên,offline,JPD113|MAS291|SWP391|CSD201,9.5
HE150370,Phạm Đình Nguyên,nguyenpham787@gmail.com,20,Sinh viên,active,MAS291|JPE255|JPD113|CEA201|PRO192,6.0
HE150371,Dương Ngọc Khoa,khoaduong362@fpt.edu.vn,23,Sinh viên,offline,PRO192|PRJ301|JPD113|NWC203|MAE101,7.6
HE150372,Đặng Thanh Hương,huongdang593@fpt.edu.vn,22,Sinh viên,active,NWC203|MAE101|JPE255|CSD201|SWP391,5.0
HE150373,Đỗ Minh Anh,anhdo620@gmail.com,20,Sinh viên,offline,MAS291|SWP391|PRO192|CEA201|NWC203,6.5
HE150374,Bùi Minh Huy,huybui131@gmail.com,18,Sinh viên,offline,CSD201|NWC203|MAE101|PRO192|MAS291,7.2
HE150375,Đặng Thị Hương,huongdang806@gmail.com,22,Sinh viên,offline,MAS291|NWC203|CEA201|CSD201|MAE101,8.6
HE150376,Ngô Đức Cường,cuongngo757@fpt.edu.vn,21,Sinh viên,offline,MAS291|SWP391|JPD113,6.8
HE150377,Đặng Hải Sơn,sondang130@fpt.edu.vn,21,Sinh viên,offline,MAE101|CSD201|PRO192|SWP391|MAS291,8.1
HE150378,Hồ Minh Anh,anhho901@gmail.com,21,Sinh viên,active,CSD201|SWP391|JPE255|PRO192,4.7
HE150379,Dương Hữu Thảo,thaoduong873@fpt.edu.vn,21,Sinh viên,active,PRJ301|MAS291|NWC203,4.4
HE150380,Hoàng Hoàng Hà,hahoang908@fpt.edu.vn,21,Sinh viên,offline,MAE101|JPE255|SWP391,6.7
HE150381,Vũ Quang Anh,anhvu718@gmail.com,18,Sinh viên,active,MAE101|JPD113|NWC203,4.2
HE150382,Ngô Đình Anh,anhngo797@fpt.edu.vn,20,Sinh viên,active,MAE101|MAS291|PRJ301,7.5
HE150383,Huỳnh Hoàng Hà,hahuynh142@gmail.com,24,Sinh viên,offline,MAE101|PRJ301|JPE255,9.9
HE150384,Nguyễn Xuân Linh,linhnguyen334@gmail.com,24,Sinh viên,offline,NWC203|JPE255|CEA201|CSD201,8.4
HE150385,Huỳnh Văn Hương,huonghuynh156@gmail.com,23,Sinh viên,offline,JPD113|PRJ301|CEA201,7.8
HE150386,Võ Thành Tùng,tungvo721@fpt.edu.vn,19,Sinh viên,active,MAS291|CSD201|PRO192,8.9
HE150387,Bùi Hoàng Nga,ngabui501@fpt.edu.vn,20,Sinh viên,active,NWC203|CSD201|PRJ301,4.3
HE150388,Bùi Minh Tùng,tungbui879@gmail.com,21,Sinh viên,offline,CSD201|PRJ301|PRO192|SWP391|MAS291,9.8
HE150389,Lê Hữu Sơn,sonle793@fpt.edu.vn,18,Sinh viên,active,PRO192|MAE101|PRJ301|NWC203,7.8
HE150390,Nguyễn Đức Sơn,sonnguyen279@gmail.com,23,Sinh viên,active,JPE255|SWP391|PRJ301|PRO192,8.0
HE150391,Huỳnh Thanh Hương,huonghuynh919@gmail.com,24,Sinh viên,offline,JPD113|NWC203|MAS291|JPE255,8.1
HE150392,Phạm Xuân Linh,linhpham395@fpt.edu.vn,18,Sinh viên,active,JPE255|SWP391|MAS291|CEA201,8.7
HE150393,Phan Đình Cường,cuongphan91@gmail.com,22,Sinh viên,active,NWC203|JPD113|MAS291,6.9
HE150394,Ngô Quang Vy,vyngo375@gmail.com,24,Sinh viên,active,NWC203|MAS291|JPD113|PRO192|JPE255,5.8
HE150395,Lê Hải Hà,hale475@fpt.edu.vn,23,Sinh viên,active,JPD113|PRO192|SWP391,6.1
HE150396,Phan Thu Lan,lanphan51@fpt.edu.vn,20,Sinh viên,offline,JPE255|PRJ301|MAS291|PRO192|MAE101,4.9
HE150397,Lý Văn Hà,haly482@fpt.edu.vn,21,Sinh viên,offline,CEA201|JPE255|PRO192|CSD201,6.9
HE150398,Lê Thị Tuấn,tuanle609@fpt.edu.vn,23,Sinh viên,offline,MAE101|NWC203|JPE255|CSD201,6.0
HE150399,Lê Hoàng Linh,linhle5@gmail.com,20,Sinh viên,active,MAE101|MAS291|JPE255|CSD201|PRJ301,9.3
HE150400,Trần Minh Dũng,dungtran171@fpt.edu.vn,20,Sinh viên,active,MAS291|NWC203|MAE101|PRO192,8.6
HE150401,Lý Quang Bình,binhly99@fpt.edu.vn,21,Sinh viên,offline,PRO192|JPE255|MAE101|PRJ301|JPD113,8.2
HE150402,Phan Hoàng Khoa,khoaphan871@gmail.com,19,Sinh viên,offline,CSD201|MAS291|NWC203|JPD113,8.5
HE150403,Đỗ Hải Nga,ngado918@gmail.com,20,Sinh viên,active,MAE101|MAS291|SWP391|CEA201,7.4
HE150404,Lê Đức Hương,huongle185@fpt.edu.vn,20,Sinh viên,offline,CSD201|PRJ301|PRO192|MAS291|JPE255,8.7
HE150405,Lý Thanh Lan,lanly126@gmail.com,21,Sinh viên,offline,JPE255|PRJ301|MAE101|SWP391|CSD201,4.8
HE150406,Lý Hải Lan,lanly872@fpt.edu.vn,24,Sinh viên,active,SWP391|JPD113|PRJ301|JPE255|CEA201,7.4
HE150407,Hồ Xuân Sơn,sonho51@gmail.com,18,Sinh viên,offline,PRO192|NWC203|CSD201,9.4
HE150408,Phan Ngọc Hà,haphan537@gmail.com,24,Sinh viên,offline,JPD113|PRJ301|MAS291|SWP391,5.1
HE150409,Huỳnh Thị Hà,hahuynh826@gmail.com,23,Sinh viên,active,PRO192|CSD201|CEA201,6.4
HE150410,Hồ Hoàng Bình,binhho681@fpt.edu.vn,22,Sinh viên,active,CEA201|SWP391|MAE101|MAS291|CSD201,7.4
HE150411,Hoàng Thị Nga,ngahoang602@fpt.edu.vn,20,Sinh viên,offline,SWP391|CSD201|JPE255,8.1
HE150412,Hoàng Minh Nguyên,nguyenhoang36@gmail.com,18,Sinh viên,active,SWP391|JPD113|MAS291|PRO192,7.3
HE150413,Lê Thanh Tùng,tungle335@fpt.edu.vn,20,Sinh viên,active,JPE255|PRJ301|JPD113|MAE101,7.7
HE150414,Vũ Xuân Bình,binhvu514@fpt.edu.vn,23,Sinh viên,active,SWP391|MAE101|JPE255|CSD201,4.4
HE150415,Đỗ Hoàng Huy,huydo683@gmail.com,22,Sinh viên,offline,CSD201|CEA201|NWC203|JPD113,7.6
HE150416,Vũ Đức Khoa,khoavu129@fpt.edu.vn,18,Sinh viên,active,MAE101|SWP391|CEA201,4.9
HE150417,Bùi Đức Khoa,khoabui483@gmail.com,20,Sinh viên,offline,JPE255|PRO192|CSD201|SWP391|PRJ301,7.9
HE150418,Ngô Hoàng Nguyên,nguyenngo142@gmail.com,24,Sinh viên,active,MAE101|PRO192|MAS291|CEA201|JPE255,9.9
HE150419,Hồ Thanh Thảo,thaoho472@fpt.edu.vn,24,Sinh viên,offline,PRJ301|MAE101|JPD113|PRO192,7.1
HE150420,Ngô Quang Linh,linhngo957@fpt.edu.vn,18,Sinh viên,offline,CEA201|CSD201|SWP391|JPE255,7.6
HE150421,Lý Thị Nga,ngaly966@gmail.com,19,Sinh viên,active,JPE255|MAS291|PRJ301|CEA201|MAE101,6.0
HE150422,Võ Văn Khánh,khanhvo222@fpt.edu.vn,21,Sinh viên,active,SWP391|JPE255|MAE101|PRJ301,4.2
HE150423,Hoàng Quang Long,longhoang980@fpt.edu.vn,22,Sinh viên,offline,CSD201|MAS291|PRO192|CEA201|SWP391,9.7
HE150424,Phan Thu Long,longphan382@fpt.edu.vn,19,Sinh viên,offline,PRJ301|JPE255|MAS291,5.9
HE150425,Bùi Xuân Linh,linhbui226@gmail.com,21,Sinh viên,offline,PRO192|PRJ301|CEA201,7.9
HE150426,Nguyễn Đình Thảo,thaonguyen343@fpt.edu.vn,19,Sinh viên,offline,JPD113|CSD201|NWC203|PRO192,4.0
HE150427,Hồ Gia Thảo,thaoho127@gmail.com,18,Sinh viên,active,NWC203|SWP391|PRO192|JPD113|MAS291,8.2
HE150428,Hồ Hữu Cường,cuongho763@fpt.edu.vn,21,Sinh viên,offline,SWP391|NWC203|CSD201|CEA201|PRO192,6.5
HE150429,Đỗ Đức Bình,binhdo744@fpt.edu.vn,18,Sinh viên,active,PRJ301|MAS291|CSD201|JPD113,4.4
HE150430,Lý Đức Bình,binhly817@gmail.com,20,Sinh viên,active,MAE101|SWP391|JPE255|PRJ301|JPD113,7.2
HE150431,Lý Thu Trang,trangly84@fpt.edu.vn,23,Sinh viên,active,CEA201|PRO192|CSD201,4.6
HE150432,Bùi Văn Long,longbui38@fpt.edu.vn,21,Sinh viên,active,PRO192|PRJ301|SWP391|MAS291,7.7
HE150433,Dương Hoàng Tùng,tungduong573@fpt.edu.vn,20,Sinh viên,offline,SWP391|JPD113|MAS291|MAE101,6.7
HE150434,Đặng Đình Trang,trangdang972@fpt.edu.vn,20,Sinh viên,active,JPD113|MAE101|NWC203|MAS291|PRO192,7.8
HE150435,Bùi Ngọc Huy,huybui765@fpt.edu.vn,20,Sinh viên,offline,PRJ301|SWP391|JPE255|CEA201|CSD201,8.3
HE150436,Nguyễn Ngọc Tùng,tungnguyen890@fpt.edu.vn,18,Sinh viên,offline,MAE101|PRJ301|NWC203,6.5
HE150437,Hoàng Xuân Trang,tranghoang693@gmail.com,24,Sinh viên,offline,JPE255|MAS291|MAE101,4.4
HE150438,Võ Thu Tùng,tungvo968@gmail.com,21,Sinh viên,active,MAE101|SWP391|PRO192|MAS291|CSD201,8.2
HE150439,Trần Văn Anh,anhtran227@fpt.edu.vn,20,Sinh viên,active,MAE101|CEA201|NWC203|PRO192|CSD201,8.6
HE150440,Trần Hải Tùng,tungtran71@fpt.edu.vn,22,Sinh viên,offline,JPE255|CEA201|SWP391,4.1
HE150441,Dương Đình Nga,ngaduong714@fpt.edu.vn,18,Sinh viên,offline,PRJ301|JPE255|MAS291|MAE101|PRO192,9.2
HE150442,Hoàng Quang Hoa,hoahoang262@gmail.com,20,Sinh viên,active,CEA201|PRJ301|MAE101|JPE255|JPD113,5.8
HE150443,Phạm Thành Long,longpham637@fpt.edu.vn,18,Sinh viên,offline,MAE101|PRO192|SWP391,4.7
HE150444,Lý Hoàng Cường,cuongly709@fpt.edu.vn,22,Sinh viên,offline,CEA201|PRJ301|NWC203|PRO192|SWP391,9.1
HE150445,Hoàng Thu Phong,phonghoang605@fpt.edu.vn,23,Sinh viên,active,MAE101|SWP391|PRO192,8.1
HE150446,Nguyễn Thành Nga,nganguyen886@fpt.edu.vn,24,Sinh viên,offline,JPE255|NWC203|PRJ301|CEA201|JPD113,9.3
HE150447,Lý Gia Bách,bachly418@gmail.com,20,Sinh viên,offline,JPD113|PRO192|JPE255|CEA201,9.7
HE150448,Phạm Thu Bình,binhpham428@fpt.edu.vn,21,Sinh viên,offline,CSD201|JPE255|MAS291|PRO192|SWP391,9.7
HE150449,Đỗ Gia Thảo,thaodo938@fpt.edu.vn,23,Sinh viên,active,JPE255|PRJ301|NWC203|CEA201,9.2
HE150450,Hồ Hải Cường,cuongho760@fpt.edu.vn,23,Sinh viên,offline,JPE255|MAE101|CEA201|CSD201|SWP391,8.0
HE150451,Trần Văn Phong,phongtran981@gmail.com,22,Sinh viên,active,PRJ301|NWC203|SWP391,8.7
HE150452,Đỗ Quang Khánh,khanhdo24@gmail.com,23,Sinh viên,active,MAE101|CEA201|JPE255|SWP391|PRO192,8.3
HE150453,Đặng Hải Nguyên,nguyendang61@gmail.com,23,Sinh viên,offline,PRJ301|MAS291|PRO192,5.4
HE150454,Dương Hải Hương,huongduong194@gmail.com,20,Sinh viên,active,PRO192|MAS291|PRJ301,5.4
HE150455,Phạm Đình Khoa,khoapham689@fpt.edu.vn,22,Sinh viên,offline,JPD113|CEA201|JPE255,8.8
HE150456,Lý Đình Trang,trangly990@gmail.com,24,Sinh viên,active,MAE101|MAS291|NWC203,7.6
HE150457,Hồ Ngọc Lan,lanho49@gmail.com,19,Sinh viên,active,CSD201|JPD113|JPE255|NWC203|SWP391,4.6
HE150458,Đặng Minh Trang,trangdang463@fpt.edu.vn,23,Sinh viên,active,CSD201|PRJ301|MAS291|MAE101|JPD113,9.7
HE150459,Hoàng Hải Vy,vyhoang472@fpt.edu.vn,21,Sinh viên,offline,SWP391|JPD113|NWC203|PRO192,8.0
HE150460,Vũ Thanh Bách,bachvu625@fpt.edu.vn,20,Sinh viên,offline,CEA201|MAE101|MAS291|JPE255|NWC203,7.2
HE150461,Hoàng Hải Nguyên,nguyenhoang637@gmail.com,19,Sinh viên,active,CSD201|JPE255|PRJ301|MAS291|JPD113,8.7
HE150462,Đỗ Thị Hoa,hoado685@fpt.edu.vn,20,Sinh viên,offline,PRO192|PRJ301|NWC203|CSD201|SWP391,6.6
HE150463,Võ Văn Hoa,hoavo201@fpt.edu.vn,19,Sinh viên,offline,SWP391|MAE101|JPE255,4.6
HE150464,Nguyễn Hải Nga,nganguyen862@gmail.com,21,Sinh viên,active,SWP391|CSD201|PRJ301,8.8
HE150465,Huỳnh Xuân Hương,huonghuynh273@fpt.edu.vn,20,Sinh viên,active,JPE255|MAE101|NWC203|SWP391|PRJ301,4.7
HE150466,Hồ Thị Thảo,thaoho418@gmail.com,22,Sinh viên,active,MAS291|MAE101|NWC203,9.4
HE150467,Đỗ Ngọc Cường,cuongdo879@gmail.com,18,Sinh viên,offline,JPE255|NWC203|JPD113|CEA201|MAS291,7.0
HE150468,Nguyễn Minh Sơn,sonnguyen856@gmail.com,23,Sinh viên,offline,CEA201|JPE255|PRO192|JPD113|NWC203,7.9
HE150469,Đỗ Minh Hương,huongdo696@gmail.com,18,Sinh viên,offline,MAE101|PRO192|PRJ301,4.7
HE150470,Vũ Văn Long,longvu773@fpt.edu.vn,19,Sinh viên,offline,PRO192|SWP391|PRJ301|CEA201,7.2
HE150471,Đỗ Ngọc Thảo,thaodo190@gmail.com,23,Sinh viên,offline,JPE255|MAE101|NWC203|CSD201,4.2
HE150472,Ngô Thị Tùng,tungngo336@gmail.com,20,Sinh viên,offline,MAS291|NWC203|JPE255|CSD201|MAE101,4.3
HE150473,Võ Ngọc Nguyên,nguyenvo636@gmail.com,20,Sinh viên,offline,NWC203|SWP391|PRO192|MAS291|JPD113,6.2
HE150474,Ngô Thành Khoa,khoango265@gmail.com,22,Sinh viên,active,SWP391|JPD113|MAS291,4.4
HE150475,Võ Xuân Bình,binhvo285@gmail.com,21,Sinh viên,offline,PRO192|CEA201|SWP391|MAE101,5.6
HE150476,Đặng Văn Khánh,khanhdang618@gmail.com,22,Sinh viên,active,JPD113|JPE255|PRO192,8.2
HE150477,Hoàng Hải Trang,tranghoang831@fpt.edu.vn,21,Sinh viên,active,CEA201|CSD201|JPD113|MAS291|NWC203,9.3
HE150478,Dương Gia Sơn,sonduong747@fpt.edu.vn,18,Sinh viên,offline,SWP391|MAS291|JPD113,6.2
HE150479,Đặng Đức Nga,ngadang450@fpt.edu.vn,22,Sinh viên,offline,PRO192|SWP391|MAS291|MAE101|PRJ301,9.1
HE150480,Nguyễn Gia Tùng,tungnguyen592@fpt.edu.vn,18,Sinh viên,active,CSD201|MAE101|JPD113|PRJ301|JPE255,5.4
HE150481,Vũ Ngọc Bình,binhvu240@fpt.edu.vn,21,Sinh viên,active,SWP391|CEA201|PRO192,4.1
HE150482,Đỗ Thành Linh,linhdo783@fpt.edu.vn,20,Sinh viên,offline,CSD201|CEA201|PRJ301|NWC203,4.7
HE150483,Hoàng Thu Anh,anhhoang658@fpt.edu.vn,21,Sinh viên,offline,PRJ301|MAS291|SWP391,7.5
HE150484,Hoàng Văn Long,longhoang231@gmail.com,19,Sinh viên,active,MAE101|PRO192|CSD201|CEA201|JPD113,7.5
HE150485,Lê Thành Khoa,khoale619@fpt.edu.vn,23,Sinh viên,active,MAE101|CSD201|PRJ301,9.4
HE150486,Bùi Hữu Hương,huongbui691@fpt.edu.vn,21,Sinh viên,offline,MAS291|CEA201|PRO192|SWP391|NWC203,5.4
HE150487,Phan Hải Thảo,thaophan882@gmail.com,21,Sinh viên,offline,PRO192|CEA201|MAE101|PRJ301|JPD113,8.3
HE150488,Hoàng Thành Trang,tranghoang133@fpt.edu.vn,19,Sinh viên,active,PRO192|JPD113|SWP391|MAS291|PRJ301,5.5
HE150489,Trần Quang Bách,bachtran859@fpt.edu.vn,21,Sinh viên,offline,JPE255|MAS291|PRO192|PRJ301|CSD201,8.7
HE150490,Huỳnh Gia Cường,cuonghuynh971@fpt.edu.vn,24,Sinh viên,active,JPD113|NWC203|PRJ301,4.5
HE150491,Hoàng Đình Phong,phonghoang483@gmail.com,21,Sinh viên,offline,CSD201|JPD113|NWC203|MAS291,4.1
HE150492,Đặng Đình Cường,cuongdang65@fpt.edu.vn,19,Sinh viên,active,CSD201|SWP391|JPD113|JPE255,9.4
HE150493,Dương Đình Tùng,tungduong467@gmail.com,18,Sinh viên,offline,MAS291|CSD201|NWC203|PRJ301|MAE101,4.1
HE150494,Bùi Đức Linh,linhbui22@fpt.edu.vn,24,Sinh viên,offline,PRJ301|CEA201|SWP391,4.5
HE150495,Ngô Thành Cường,cuongngo202@fpt.edu.vn,21,Sinh viên,offline,CEA201|CSD201|PRO192|JPD113,4.6
HE150496,Phạm Đình Dũng,dungpham858@fpt.edu.vn,19,Sinh viên,active,MAE101|CEA201|JPE255,5.5
HE150497,Huỳnh Thanh Trang,tranghuynh346@gmail.com,23,Sinh viên,active,NWC203|JPE255|CSD201,9.7
HE150498,Đặng Hải Tuấn,tuandang67@fpt.edu.vn,23,Sinh viên,active,JPE255|SWP391|CSD201|PRJ301|NWC203,5.0
HE150499,Bùi Văn Lan,lanbui669@fpt.edu.vn,23,Sinh viên,active,MAE101|MAS291|PRO192|CEA201|CSD201,9.1
HE150500,Hoàng Văn Vy,vyhoang566@fpt.edu.vn,23,Sinh viên,offline,JPE255|CSD201|SWP391|PRO192|PRJ301,4.3
HE150501,Hồ Thành Linh,linhho581@gmail.com,22,Sinh viên,offline,JPD113|JPE255|NWC203|MAE101,5.6
HE150502,Phan Hoàng Phong,phongphan776@fpt.edu.vn,21,Sinh viên,offline,JPD113|PRJ301|MAS291|MAE101,5.1
HE150503,Đỗ Quang Hoa,hoado535@gmail.com,23,Sinh viên,active,PRJ301|MAS291|JPD113|JPE255,8.4
HE150504,Đặng Thành Tuấn,tuandang372@fpt.edu.vn,21,Sinh viên,offline,SWP391|CSD201|MAE101,4.7
HE150505,Trần Hoàng Nga,ngatran951@gmail.com,19,Sinh viên,active,NWC203|JPE255|MAE101|PRJ301|MAS291,6.7
HE150506,Trần Hoàng Lan,lantran547@gmail.com,19,Sinh viên,offline,JPE255|NWC203|PRJ301|SWP391|CSD201,9.7
HE150507,Dương Hải Tùng,tungduong371@gmail.com,20,Sinh viên,active,MAS291|MAE101|CSD201|JPE255,9.1
HE150508,Đặng Hữu Long,longdang682@fpt.edu.vn,19,Sinh viên,offline,JPD113|CEA201|CSD201,4.1
HE150509,Trần Văn Hà,hatran800@gmail.com,23,Sinh viên,active,SWP391|NWC203|CEA201|PRO192,8.2
HE150510,Trần Thành Tuấn,tuantran741@fpt.edu.vn,20,Sinh viên,active,JPD113|MAE101|SWP391|JPE255|NWC203,5.3
HE150511,Đỗ Thành Hoa,hoado762@gmail.com,19,Sinh viên,active,PRO192|MAS291|PRJ301|CSD201|SWP391,7.9
HE150512,Ngô Thu Sơn,sonngo80@gmail.com,24,Sinh viên,offline,CEA201|PRJ301|PRO192,8.5
HE150513,Vũ Thị Vy,vyvu226@gmail.com,20,Sinh viên,active,MAS291|CSD201|JPE255,4.5
HE150514,Nguyễn Minh Long,longnguyen295@fpt.edu.vn,19,Sinh viên,offline,PRJ301|MAS291|JPD113,7.9
HE150515,Nguyễn Minh Hoa,hoanguyen594@gmail.com,19,Sinh viên,active,JPE255|JPD113|MAE101,6.5
HE150516,Dương Đức Lan,landuong945@gmail.com,20,Sinh viên,offline,PRJ301|CEA201|JPE255,7.2
HE150517,Ngô Ngọc Vy,vyngo269@gmail.com,20,Sinh viên,offline,PRJ301|SWP391|JPD113,9.3
HE150518,Bùi Hữu Huy,huybui842@gmail.com,21,Sinh viên,active,CSD201|PRO192|CEA201|MAS291|JPD113,7.5
HE150519,Hoàng Thị Anh,anhhoang317@fpt.edu.vn,22,Sinh viên,active,PRO192|CEA201|MAE101|JPE255,8.0
HE150520,Vũ Đức Hà,havu580@fpt.edu.vn,22,Sinh viên,active,CSD201|NWC203|PRO192|MAE101,5.1
HE150521,Võ Đình Cường,cuongvo463@gmail.com,18,Sinh viên,active,MAE101|PRJ301|PRO192|JPE255,4.2
HE150522,Hoàng Thị Khánh,khanhhoang407@fpt.edu.vn,18,Sinh viên,offline,PRJ301|JPE255|CEA201,4.8
HE150523,Huỳnh Thị Vy,vyhuynh176@gmail.com,19,Sinh viên,active,SWP391|JPD113|CSD201|JPE255,7.8
HE150524,Lê Quang Thảo,thaole846@gmail.com,19,Sinh viên,active,JPD113|MAE101|NWC203|JPE255,5.1
HE150525,Dương Hải Huy,huyduong150@fpt.edu.vn,18,Sinh viên,active,PRO192|SWP391|JPD113|NWC203|CEA201,6.6
HE150526,Huỳnh Văn Tuấn,tuanhuynh975@gmail.com,22,Sinh viên,offline,JPE255|JPD113|MAS291,4.3
HE150527,Phạm Thu Tùng,tungpham906@fpt.edu.vn,24,Sinh viên,offline,PRJ301|MAE101|CSD201,9.1
HE150528,Phạm Hải Tùng,tungpham560@fpt.edu.vn,21,Sinh viên,active,JPE255|SWP391|MAS291|CSD201|PRO192,4.0
HE150529,Phan Xuân Huy,huyphan158@fpt.edu.vn,20,Sinh viên,active,CSD201|MAS291|NWC203,9.8
HE150530,Phạm Ngọc Vy,vypham517@fpt.edu.vn,21,Sinh viên,offline,PRO192|CSD201|NWC203|CEA201|JPD113,4.8
HE150531,Đỗ Văn Nguyên,nguyendo305@gmail.com,24,Sinh viên,offline,CEA201|MAE101|NWC203,9.1
HE150532,Huỳnh Minh Bách,bachhuynh570@gmail.com,20,Sinh viên,offline,SWP391|MAE101|CEA201|JPD113|NWC203,4.9
HE150533,Hồ Đình Long,longho900@gmail.com,19,Sinh viên,offline,CEA201|PRO192|JPE255|SWP391,9.2
HE150534,Hoàng Thị Hoa,hoahoang74@fpt.edu.vn,22,Sinh viên,active,SWP391|NWC203|MAS291|JPD113|CEA201,4.1
HE150535,Huỳnh Gia Trang,tranghuynh574@fpt.edu.vn,20,Sinh viên,active,JPE255|CSD201|MAE101|JPD113|CEA201,7.0
HE150536,Đỗ Hoàng Khoa,khoado594@gmail.com,23,Sinh viên,active,NWC203|SWP391|PRO192|MAS291|JPD113,5.4
HE150537,Lê Quang Sơn,sonle466@gmail.com,20,Sinh viên,offline,CEA201|MAE101|MAS291|JPE255,5.7
HE150538,Huỳnh Hải Bình,binhhuynh350@gmail.com,21,Sinh viên,offline,CSD201|PRO192|JPD113|SWP391|CEA201,8.4
HE150539,Lý Ngọc Hương,huongly241@gmail.com,19,Sinh viên,offline,PRO192|MAS291|MAE101|NWC203|JPD113,6.3
HE150540,Vũ Hoàng Hoa,hoavu800@gmail.com,22,Sinh viên,offline,JPD113|CSD201|NWC203|PRO192,5.8
HE150541,Nguyễn Quang Tùng,tungnguyen382@fpt.edu.vn,20,Sinh viên,active,CSD201|MAS291|CEA201,6.9
HE150542,Huỳnh Thu Lan,lanhuynh864@gmail.com,20,Sinh viên,offline,JPE255|PRO192|CEA201|CSD201|SWP391,8.1
HE150543,Trần Ngọc Nguyên,nguyentran946@gmail.com,19,Sinh viên,offline,PRJ301|CEA201|PRO192|MAS291|MAE101,5.3
HE150544,Huỳnh Thu Hoa,hoahuynh161@gmail.com,24,Sinh viên,active,SWP391|PRJ301|PRO192|MAS291|JPD113,9.0
HE150545,Phan Minh Khoa,khoaphan276@fpt.edu.vn,23,Sinh viên,offline,JPD113|CSD201|CEA201|PRO192,4.4
HE150546,Phan Đức Bình,binhphan160@fpt.edu.vn,20,Sinh viên,offline,PRJ301|MAE101|MAS291|JPD113|NWC203,6.1
HE150547,Võ Thành Long,longvo706@gmail.com,20,Sinh viên,offline,CEA201|SWP391|MAE101,7.7
HE150548,Bùi Hải Nga,ngabui557@fpt.edu.vn,22,Sinh viên,active,MAE101|JPD113|PRO192|NWC203|JPE255,6.5
HE150549,Lê Hữu Tuấn,tuanle563@fpt.edu.vn,23,Sinh viên,active,PRJ301|NWC203|JPD113,6.8
HE150550,Ngô Minh Tuấn,tuanngo855@gmail.com,18,Sinh viên,active,SWP391|CSD201|NWC203|JPE255|MAS291,8.0
HE150551,Vũ Minh Phong,phongvu612@gmail.com,22,Sinh viên,active,JPE255|CEA201|NWC203|JPD113,9.2
HE150552,Ngô Xuân Cường,cuongngo688@gmail.com,21,Sinh viên,offline,PRO192|MAS291|PRJ301,8.2
HE150553,Võ Đình Vy,vyvo996@fpt.edu.vn,23,Sinh viên,offline,MAS291|PRO192|NWC203|SWP391|MAE101,4.2
HE150554,Lê Quang Dũng,dungle357@gmail.com,23,Sinh viên,offline,MAE101|MAS291|CEA201|CSD201|PRO192,9.8
HE150555,Đặng Văn Lan,landang964@fpt.edu.vn,21,Sinh viên,offline,PRO192|MAE101|JPD113,4.7
HE150556,Nguyễn Đức Khoa,khoanguyen409@fpt.edu.vn,24,Sinh viên,offline,SWP391|JPE255|MAE101,5.8
HE150557,Phạm Văn Sơn,sonpham215@fpt.edu.vn,24,Sinh viên,offline,CEA201|CSD201|NWC203|SWP391,4.8
HE150558,Lê Hải Bình,binhle324@fpt.edu.vn,22,Sinh viên,offline,PRJ301|CEA201|SWP391|MAS291|CSD201,8.6
HE150559,Hoàng Đình Lan,lanhoang722@gmail.com,21,Sinh viên,active,NWC203|PRO192|JPE255|MAE101,6.2
HE150560,Nguyễn Gia Thảo,thaonguyen644@gmail.com,23,Sinh viên,active,CSD201|SWP391|CEA201,4.9
HE150561,Hoàng Minh Phong,phonghoang258@fpt.edu.vn,23,Sinh viên,offline,PRJ301|CEA201|PRO192|JPE255|NWC203,10.0
HE150562,Bùi Hoàng Hoa,hoabui213@gmail.com,19,Sinh viên,active,CEA201|PRO192|PRJ301|MAS291,6.4
HE150563,Dương Minh Huy,huyduong805@gmail.com,24,Sinh viên,offline,JPD113|PRJ301|JPE255|PRO192,9.6
HE150564,Nguyễn Xuân Tùng,tungnguyen557@fpt.edu.vn,18,Sinh viên,offline,CSD201|MAE101|JPD113|NWC203|PRJ301,4.6
HE150565,Đỗ Hoàng Vy,vydo877@gmail.com,19,Sinh viên,active,PRO192|SWP391|CEA201,6.8
HE150566,Hoàng Thu Long,longhoang336@gmail.com,18,Sinh viên,active,PRO192|JPD113|CEA201|MAS291|NWC203,6.1
HE150567,Ngô Ngọc Long,longngo507@fpt.edu.vn,19,Sinh viên,offline,PRO192|MAE101|NWC203,5.4
HE150568,Lý Thị Hương,huongly88@fpt.edu.vn,23,Sinh viên,offline,PRO192|MAS291|JPD113,5.7
HE150569,Hồ Quang Nga,ngaho71@gmail.com,19,Sinh viên,active,MAE101|SWP391|CEA201|JPE255|JPD113,7.3
HE150570,Hoàng Hoàng Anh,anhhoang495@gmail.com,20,Sinh viên,active,NWC203|CSD201|PRJ301|SWP391|MAS291,9.6
HE150571,Đỗ Thị Sơn,sondo54@gmail.com,22,Sinh viên,active,NWC203|CSD201|PRJ301|SWP391|PRO192,9.7
HE150572,Vũ Gia Long,longvu576@fpt.edu.vn,24,Sinh viên,active,MAS291|CEA201|MAE101,4.4
HE150573,Hồ Văn Dũng,dungho38@fpt.edu.vn,24,Sinh viên,active,JPD113|PRJ301|NWC203,4.6
HE150574,Đặng Thành Khoa,khoadang53@gmail.com,18,Sinh viên,offline,MAS291|NWC203|CEA201|JPE255,7.0
HE150575,Đặng Hoàng Thảo,thaodang314@fpt.edu.vn,19,Sinh viên,active,MAS291|JPE255|CSD201|NWC203,8.2
HE150576,Phạm Gia Linh,linhpham437@fpt.edu.vn,19,Sinh viên,active,SWP391|JPE255|MAS291,6.8
HE150577,Dương Xuân Anh,anhduong844@fpt.edu.vn,18,Sinh viên,offline,CEA201|SWP391|JPE255|PRO192|JPD113,9.4
HE150578,Đỗ Quang Tuấn,tuando518@gmail.com,24,Sinh viên,active,PRJ301|MAS291|NWC203,9.9
HE150579,Phan Đình Anh,anhphan3@gmail.com,22,Sinh viên,active,MAS291|SWP391|CSD201|NWC203,9.7
HE150580,Đặng Thị Vy,vydang172@gmail.com,22,Sinh viên,active,CEA201|MAE101|PRO192,6.7
HE150581,Bùi Đình Bách,bachbui187@fpt.edu.vn,20,Sinh viên,active,CSD201|MAE101|PRJ301|SWP391,9.3
HE150582,Đặng Xuân Sơn,sondang228@gmail.com,22,Sinh viên,offline,PRJ301|MAE101|JPE255|CEA201,8.2
HE150583,Trần Đức Hoa,hoatran376@fpt.edu.vn,20,Sinh viên,active,JPE255|CSD201|PRJ301,6.9
HE150584,Dương Xuân Tùng,tungduong516@gmail.com,18,Sinh viên,active,PRO192|PRJ301|MAS291,10.0
HE150585,Đỗ Đình Bình,binhdo330@gmail.com,18,Sinh viên,active,JPD113|MAE101|CSD201|NWC203,4.7
HE150586,Đỗ Hữu Tùng,tungdo146@gmail.com,21,Sinh viên,offline,CSD201|CEA201|PRJ301,9.9
HE150587,Bùi Thành Anh,anhbui302@gmail.com,21,Sinh viên,offline,CSD201|PRO192|JPE255|NWC203,6.2
HE150588,Trần Thu Dũng,dungtran132@gmail.com,22,Sinh viên,active,MAE101|PRJ301|NWC203|CEA201|SWP391,6.8
HE150589,Nguyễn Đình Bách,bachnguyen440@gmail.com,18,Sinh viên,offline,CEA201|SWP391|MAS291|JPD113|PRJ301,5.5
HE150590,Hồ Đức Cường,cuongho895@fpt.edu.vn,22,Sinh viên,offline,PRO192|PRJ301|MAS291|CSD201|NWC203,9.9
HE150591,Lý Gia Sơn,sonly853@fpt.edu.vn,20,Sinh viên,offline,CSD201|SWP391|JPE255|MAE101|JPD113,4.0
HE150592,Ngô Hữu Tuấn,tuanngo666@fpt.edu.vn,23,Sinh viên,offline,CSD201|MAE101|MAS291|SWP391|CEA201,4.1
HE150593,Huỳnh Thành Phong,phonghuynh139@fpt.edu.vn,23,Sinh viên,active,SWP391|MAS291|MAE101,9.4
HE150594,Võ Hoàng Anh,anhvo669@gmail.com,18,Sinh viên,active,NWC203|JPE255|PRO192|MAS291|MAE101,6.0
HE150595,Hoàng Đức Linh,linhhoang447@fpt.edu.vn,24,Sinh viên,offline,PRO192|MAE101|CSD201|MAS291,8.6
HE150596,Vũ Hữu Dũng,dungvu777@gmail.com,21,Sinh viên,offline,MAS291|JPE255|JPD113,6.9
HE150597,Đặng Văn Cường,cuongdang83@fpt.edu.vn,21,Sinh viên,active,PRO192|JPD113|PRJ301|MAS291|MAE101,4.5
HE150598,Hoàng Hải Khoa,khoahoang646@fpt.edu.vn,22,Sinh viên,offline,SWP391|MAS291|JPD113,5.3
HE150599,Lý Văn Linh,linhly451@fpt.edu.vn,18,Sinh viên,offline,CSD201|JPE255|MAS291|CEA201,9.6
HE150600,Hồ Gia Dũng,dungho446@fpt.edu.vn,22,Sinh viên,offline,JPD113|NWC203|MAS291|CEA201,5.3
HE150601,Đỗ Thu Tùng,tungdo381@fpt.edu.vn,21,Sinh viên,active,JPE255|CEA201|CSD201|NWC203,7.9
HE150602,Dương Đức Huy,huyduong256@gmail.com,18,Sinh viên,active,MAE101|CSD201|PRO192,8.6
HE150603,Hồ Hải Anh,anhho229@fpt.edu.vn,19,Sinh viên,active,SWP391|JPD113|MAE101|PRO192|CSD201,6.4
HE150604,Nguyễn Văn Hương,huongnguyen89@fpt.edu.vn,18,Sinh viên,offline,PRO192|MAS291|NWC203,8.6
HE150605,Hồ Văn Nga,ngaho480@gmail.com,21,Sinh viên,active,CSD201|JPD113|PRO192|MAE101,5.9
HE150606,Lý Thanh Hương,huongly442@fpt.edu.vn,23,Sinh viên,active,PRJ301|JPE255|MAE101|NWC203|CSD201,4.4
HE150607,Đỗ Đình Bách,bachdo937@fpt.edu.vn,24,Sinh viên,offline,PRO192|JPE255|CEA201|JPD113|MAS291,8.7
HE150608,Võ Thanh Nguyên,nguyenvo91@gmail.com,21,Sinh viên,active,PRJ301|CEA201|JPE255|MAS291|SWP391,4.6
HE150609,Đỗ Thị Bách,bachdo204@gmail.com,21,Sinh viên,active,JPD113|MAE101|NWC203|MAS291,5.6
HE150610,Phan Văn Dũng,dungphan813@fpt.edu.vn,22,Sinh viên,offline,MAE101|CEA201|PRJ301,4.7
HE150611,Lê Hải Hoa,hoale252@gmail.com,20,Sinh viên,offline,MAS291|CSD201|PRO192|JPE255|NWC203,6.2
HE150612,Huỳnh Thanh Cường,cuonghuynh459@fpt.edu.vn,24,Sinh viên,active,JPD113|CSD201|JPE255|PRO192|MAS291,6.9
HE150613,Vũ Gia Khoa,khoavu58@fpt.edu.vn,18,Sinh viên,offline,PRO192|CSD201|PRJ301|CEA201,8.6
HE150614,Bùi Xuân Nga,ngabui69@gmail.com,22,Sinh viên,offline,JPD113|CSD201|SWP391|NWC203|JPE255,5.6
HE150615,Dương Đình Vy,vyduong688@fpt.edu.vn,24,Sinh viên,active,MAS291|JPE255|PRO192|PRJ301,6.7
HE150616,Nguyễn Hữu Hà,hanguyen653@gmail.com,20,Sinh viên,active,SWP391|JPE255|PRO192|CSD201|MAE101,4.8
HE150617,Võ Minh Linh,linhvo452@gmail.com,19,Sinh viên,active,PRJ301|MAS291|PRO192,6.3
HE150618,Đỗ Minh Phong,phongdo101@gmail.com,22,Sinh viên,active,PRJ301|JPD113|JPE255|PRO192,4.1
HE150619,Huỳnh Đức Nguyên,nguyenhuynh97@gmail.com,23,Sinh viên,offline,JPE255|PRJ301|CEA201,8.6
HE150620,Hoàng Đình Khánh,khanhhoang753@gmail.com,18,Sinh viên,active,SWP391|CEA201|MAS291|CSD201,6.1
HE150621,Lê Xuân Vy,vyle679@gmail.com,23,Sinh viên,offline,NWC203|MAE101|CEA201|PRO192,7.6
HE150622,Phan Đức Long,longphan98@gmail.com,19,Sinh viên,active,JPD113|NWC203|SWP391|PRO192,9.6
HE150623,Lê Thanh Khánh,khanhle372@fpt.edu.vn,18,Sinh viên,offline,JPD113|SWP391|CEA201|PRO192,6.3
HE150624,Huỳnh Xuân Lan,lanhuynh303@gmail.com,24,Sinh viên,offline,CSD201|MAS291|JPE255|CEA201,9.3
HE150625,Đỗ Thị Tùng,tungdo655@fpt.edu.vn,20,Sinh viên,offline,SWP391|CEA201|PRO192|CSD201,4.3
HE150626,Phan Thành Bách,bachphan532@gmail.com,22,Sinh viên,active,JPD113|CEA201|MAS291|NWC203|CSD201,5.0
HE150627,Ngô Văn Hương,huongngo930@gmail.com,22,Sinh viên,offline,CSD201|CEA201|PRO192|SWP391,4.7
HE150628,Trần Minh Hà,hatran479@fpt.edu.vn,20,Sinh viên,active,PRJ301|CSD201|MAE101|JPD113,7.6
HE150629,Huỳnh Minh Lan,lanhuynh459@fpt.edu.vn,24,Sinh viên,active,PRO192|CSD201|MAE101|JPD113|CEA201,9.9
HE150630,Đặng Quang Bách,bachdang233@fpt.edu.vn,21,Sinh viên,offline,MAE101|CSD201|MAS291|PRO192|JPD113,6.3
HE150631,Huỳnh Hữu Thảo,thaohuynh155@fpt.edu.vn,20,Sinh viên,offline,MAE101|JPE255|NWC203|PRJ301|JPD113,8.5
HE150632,Vũ Đình Bách,bachvu153@gmail.com,24,Sinh viên,offline,CEA201|MAE101|JPE255|PRJ301,7.1
HE150633,Hồ Minh Lan,lanho226@gmail.com,20,Sinh viên,active,PRO192|NWC203|JPE255,9.7
HE150634,Phạm Hữu Huy,huypham923@gmail.com,22,Sinh viên,active,PRO192|MAE101|MAS291|CEA201,9.5
HE150635,Nguyễn Quang Thảo,thaonguyen97@gmail.com,18,Sinh viên,active,CSD201|JPE255|NWC203|MAE101|PRJ301,7.8
HE150636,Huỳnh Đình Cường,cuonghuynh249@fpt.edu.vn,18,Sinh viên,active,PRJ301|JPE255|CSD201|MAE101|JPD113,5.2
HE150637,Hoàng Đình Hương,huonghoang275@gmail.com,22,Sinh viên,offline,MAS291|PRJ301|PRO192,9.9
HE150638,Lê Văn Trang,trangle100@gmail.com,22,Sinh viên,offline,JPD113|MAE101|CSD201,4.2
HE150639,Hồ Gia Vy,vyho678@fpt.edu.vn,22,Sinh viên,offline,JPD113|MAE101|SWP391|NWC203,9.2
HE150640,Lý Văn Trang,trangly924@fpt.edu.vn,23,Sinh viên,offline,CEA201|JPD113|PRJ301|PRO192,8.4
HE150641,Lê Thành Anh,anhle536@fpt.edu.vn,18,Sinh viên,active,MAE101|JPD113|SWP391|CEA201|PRO192,9.0
HE150642,Nguyễn Thanh Trang,trangnguyen951@fpt.edu.vn,24,Sinh viên,offline,NWC203|CSD201|JPE255,4.7
HE150643,Lý Thanh Thảo,thaoly143@gmail.com,19,Sinh viên,offline,JPE255|PRO192|CSD201|MAS291|MAE101,6.3
HE150644,Phan Xuân Sơn,sonphan604@gmail.com,24,Sinh viên,offline,PRJ301|MAE101|NWC203,9.7
HE150645,Đặng Ngọc Khoa,khoadang935@fpt.edu.vn,22,Sinh viên,offline,PRJ301|MAE101|PRO192|SWP391,9.4
HE150646,Hồ Thị Trang,trangho775@gmail.com,19,Sinh viên,offline,CEA201|PRJ301|NWC203|CSD201,8.4
HE150647,Võ Thu Thảo,thaovo774@fpt.edu.vn,19,Sinh viên,offline,JPE255|SWP391|MAE101,8.0
HE150648,Đỗ Thị Long,longdo646@gmail.com,20,Sinh viên,active,SWP391|NWC203|PRJ301|CEA201|MAE101,4.9
HE150649,Võ Xuân Hương,huongvo580@fpt.edu.vn,18,Sinh viên,offline,JPD113|PRJ301|JPE255|MAE101|CEA201,9.8
HE150650,Ngô Thị Hà,hango602@gmail.com,19,Sinh viên,active,MAE101|JPD113|PRO192,4.7
HE150651,Lê Xuân Tuấn,tuanle562@fpt.edu.vn,24,Sinh viên,offline,SWP391|JPD113|PRO192|CEA201,6.5
HE150652,Hồ Thành Thảo,thaoho355@fpt.edu.vn,23,Sinh viên,offline,CSD201|NWC203|PRJ301,4.6
HE150653,Phan Minh Cường,cuongphan689@fpt.edu.vn,18,Sinh viên,offline,MAS291|NWC203|JPD113,5.1
HE150654,Hoàng Hải Long,longhoang918@fpt.edu.vn,20,Sinh viên,active,PRO192|JPE255|CEA201|MAS291,7.4
HE150655,Nguyễn Xuân Phong,phongnguyen291@gmail.com,23,Sinh viên,offline,PRJ301|PRO192|CEA201|NWC203|JPD113,8.6
HE150656,Trần Thanh Tuấn,tuantran188@gmail.com,23,Sinh viên,active,MAS291|PRO192|MAE101|PRJ301,9.0
HE150657,Hoàng Quang Huy,huyhoang698@fpt.edu.vn,20,Sinh viên,active,JPD113|PRJ301|MAE101,8.6
HE150658,Võ Thành Hương,huongvo504@fpt.edu.vn,19,Sinh viên,offline,MAS291|MAE101|PRJ301,5.7
HE150659,Phạm Văn Hoa,hoapham551@gmail.com,21,Sinh viên,offline,JPD113|CSD201|MAE101,8.6
HE150660,Trần Xuân Huy,huytran418@gmail.com,22,Sinh viên,active,PRJ301|NWC203|MAS291,6.0
HE150661,Phan Xuân Hà,haphan136@gmail.com,21,Sinh viên,active,PRJ301|CSD201|PRO192|SWP391,7.7
HE150662,Hồ Đình Phong,phongho145@gmail.com,20,Sinh viên,offline,NWC203|PRJ301|SWP391|PRO192|JPE255,5.6
HE150663,Nguyễn Xuân Cường,cuongnguyen281@fpt.edu.vn,20,Sinh viên,offline,MAS291|NWC203|PRO192,8.0
HE150664,Hoàng Đình Thảo,thaohoang18@fpt.edu.vn,24,Sinh viên,offline,SWP391|JPD113|JPE255|NWC203|CEA201,7.5
HE150665,Lê Thị Hà,hale833@fpt.edu.vn,22,Sinh viên,offline,PRO192|MAE101|JPD113|CEA201|MAS291,4.3
HE150666,Đỗ Thanh Sơn,sondo288@fpt.edu.vn,20,Sinh viên,active,SWP391|JPD113|CSD201,4.9
HE150667,Đỗ Văn Hoa,hoado463@fpt.edu.vn,24,Sinh viên,offline,SWP391|JPD113|CEA201|PRJ301|MAE101,6.4
HE150668,Võ Hoàng Sơn,sonvo168@gmail.com,18,Sinh viên,active,MAS291|JPD113|NWC203,9.9
HE150669,Đỗ Hải Bách,bachdo518@gmail.com,23,Sinh viên,active,MAE101|JPD113|CSD201,6.6
HE150670,Nguyễn Thu Cường,cuongnguyen663@gmail.com,19,Sinh viên,active,CEA201|PRO192|PRJ301,8.5
HE150671,Phạm Thị Khánh,khanhpham661@fpt.edu.vn,24,Sinh viên,offline,JPE255|PRO192|PRJ301|CEA201,4.6
HE150672,Đặng Xuân Cường,cuongdang68@fpt.edu.vn,20,Sinh viên,active,PRJ301|PRO192|JPE255,5.1
HE150673,Hoàng Đình Hà,hahoang263@fpt.edu.vn,18,Sinh viên,active,MAS291|PRO192|NWC203|PRJ301|SWP391,8.1
HE150674,Đặng Xuân Phong,phongdang781@fpt.edu.vn,19,Sinh viên,active,CSD201|PRO192|JPD113,5.4
HE150675,Phạm Thị Long,longpham188@gmail.com,22,Sinh viên,offline,SWP391|MAE101|PRJ301,5.8
HE150676,Vũ Đình Bình,binhvu71@fpt.edu.vn,22,Sinh viên,offline,CEA201|JPD113|PRO192,4.4
HE150677,Lý Đức Lan,lanly663@gmail.com,18,Sinh viên,offline,CSD201|PRJ301|MAS291|CEA201,8.0
HE150678,Hồ Hữu Tùng,tungho586@fpt.edu.vn,19,Sinh viên,active,JPE255|JPD113|MAS291,9.8
HE150679,Hồ Thanh Tùng,tungho817@gmail.com,23,Sinh viên,active,PRO192|SWP391|CEA201|MAE101|JPD113,8.3
HE150680,Ngô Minh Lan,lanngo559@gmail.com,21,Sinh viên,offline,PRJ301|CSD201|MAS291|JPD113,9.1
HE150681,Hoàng Gia Hương,huonghoang725@gmail.com,23,Sinh viên,offline,CSD201|PRJ301|MAS291,8.1
HE150682,Hoàng Gia Dũng,dunghoang831@gmail.com,19,Sinh viên,active,CEA201|CSD201|PRO192|MAS291,6.6
HE150683,Hồ Hữu Linh,linhho132@fpt.edu.vn,18,Sinh viên,active,JPE255|JPD113|CSD201,8.2
HE150684,Đỗ Thanh Cường,cuongdo83@gmail.com,22,Sinh viên,active,CSD201|CEA201|PRJ301,4.4
HE150685,Nguyễn Gia Vy,vynguyen367@fpt.edu.vn,18,Sinh viên,active,JPD113|SWP391|PRO192|MAS291|CSD201,9.0
HE150686,Phạm Thị Hương,huongpham991@fpt.edu.vn,19,Sinh viên,active,SWP391|PRJ301|NWC203,7.7
HE150687,Ngô Hữu Bình,binhngo684@fpt.edu.vn,18,Sinh viên,offline,NWC203|CEA201|SWP391|MAS291,6.3
HE150688,Phạm Đức Trang,trangpham759@fpt.edu.vn,23,Sinh viên,offline,MAS291|PRO192|SWP391|JPD113,5.7
HE150689,Lý Thanh Nga,ngaly823@fpt.edu.vn,24,Sinh viên,active,CEA201|PRJ301|MAS291|MAE101,5.1
HE150690,Dương Quang Hoa,hoaduong529@gmail.com,24,Sinh viên,active,MAS291|CEA201|CSD201|JPE255,5.6
HE150691,Đặng Thanh Long,longdang993@fpt.edu.vn,21,Sinh viên,offline,CEA201|MAE101|PRO192,5.6
HE150692,Vũ Văn Trang,trangvu167@gmail.com,19,Sinh viên,active,MAE101|JPD113|MAS291|CSD201,6.3
HE150693,Bùi Văn Khoa,khoabui456@gmail.com,21,Sinh viên,active,JPD113|SWP391|CSD201|PRJ301|MAS291,4.7
HE150694,Võ Hữu Tuấn,tuanvo409@gmail.com,18,Sinh viên,offline,PRJ301|MAE101|SWP391|MAS291,5.5
HE150695,Vũ Văn Huy,huyvu466@gmail.com,24,Sinh viên,offline,SWP391|CSD201|NWC203,8.2
HE150696,Huỳnh Quang Linh,linhhuynh263@gmail.com,21,Sinh viên,offline,MAS291|JPE255|NWC203,6.3
HE150697,Võ Thành Huy,huyvo879@gmail.com,19,Sinh viên,offline,MAE101|MAS291|JPE255|PRJ301|NWC203,4.1
HE150698,Vũ Gia Huy,huyvu497@gmail.com,19,Sinh viên,offline,NWC203|PRJ301|PRO192|SWP391,6.2
HE150699,Hoàng Thu Sơn,sonhoang955@gmail.com,18,Sinh viên,offline,PRJ301|MAS291|JPD113,4.6
HE150700,Võ Xuân Bách,bachvo10@gmail.com,19,Sinh viên,active,MAE101|SWP391|CSD201|PRO192|JPE255,6.5
HE150701,Hồ Thành Long,longho745@fpt.edu.vn,23,Sinh viên,offline,SWP391|CSD201|JPD113|CEA201,5.0
HE150702,Trần Thanh Bình,binhtran723@gmail.com,20,Sinh viên,offline,PRJ301|SWP391|JPD113,8.6
HE150703,Hồ Thu Huy,huyho134@gmail.com,20,Sinh viên,active,NWC203|SWP391|CEA201|PRJ301|PRO192,6.8
HE150704,Vũ Xuân Hoa,hoavu490@gmail.com,19,Sinh viên,active,MAS291|CSD201|NWC203|CEA201,8.1
HE150705,Đỗ Xuân Bình,binhdo356@gmail.com,22,Sinh viên,active,NWC203|MAE101|MAS291,6.6
HE150706,Trần Ngọc Anh,anhtran52@gmail.com,22,Sinh viên,offline,CSD201|SWP391|JPD113|CEA201|JPE255,9.0
HE150707,Lê Thu Bình,binhle695@fpt.edu.vn,19,Sinh viên,active,MAS291|CEA201|NWC203|JPD113,7.8
HE150708,Lê Hữu Lan,lanle898@gmail.com,21,Sinh viên,offline,SWP391|PRJ301|CEA201|JPE255|JPD113,4.7
HE150709,Dương Hải Bình,binhduong477@gmail.com,23,Sinh viên,active,SWP391|CSD201|NWC203,4.7
HE150710,Vũ Thành Hương,huongvu451@fpt.edu.vn,22,Sinh viên,offline,JPD113|CEA201|NWC203|JPE255|CSD201,5.9
HE150711,Đỗ Gia Tùng,tungdo58@fpt.edu.vn,22,Sinh viên,offline,PRJ301|CSD201|MAS291|NWC203|CEA201,4.6
HE150712,Phạm Thị Khoa,khoapham663@gmail.com,21,Sinh viên,offline,CEA201|MAS291|JPE255,9.4
HE150713,Hoàng Đức Tuấn,tuanhoang882@fpt.edu.vn,24,Sinh viên,offline,MAE101|PRJ301|SWP391|MAS291,7.9
HE150714,Dương Đình Linh,linhduong214@fpt.edu.vn,22,Sinh viên,active,PRJ301|CEA201|NWC203|PRO192|MAE101,7.0
HE150715,Nguyễn Đức Anh,anhnguyen289@gmail.com,24,Sinh viên,offline,PRO192|JPD113|SWP391|JPE255,5.7
HE150716,Bùi Hữu Hoa,hoabui781@gmail.com,19,Sinh viên,active,NWC203|JPE255|MAE101|JPD113|PRO192,9.4
HE150717,Dương Hoàng Lan,landuong597@gmail.com,21,Sinh viên,active,MAS291|MAE101|PRJ301|SWP391,6.2
HE150718,Lý Xuân Hoa,hoaly307@fpt.edu.vn,21,Sinh viên,active,MAS291|NWC203|JPD113|SWP391|JPE255,5.6
HE150719,Dương Ngọc Nguyên,nguyenduong199@gmail.com,21,Sinh viên,active,MAS291|JPD113|PRO192|MAE101,4.1
HE150720,Ngô Gia Trang,trangngo128@fpt.edu.vn,21,Sinh viên,active,CEA201|SWP391|NWC203,8.5
HE150721,Nguyễn Xuân Bình,binhnguyen18@fpt.edu.vn,18,Sinh viên,offline,PRO192|MAS291|CSD201,7.0
HE150722,Huỳnh Hải Hương,huonghuynh981@fpt.edu.vn,18,Sinh viên,active,CSD201|MAE101|CEA201,8.6
HE150723,Đỗ Hải Lan,lando96@gmail.com,21,Sinh viên,offline,CEA201|JPD113|SWP391,9.3
HE150724,Trần Gia Phong,phongtran300@gmail.com,18,Sinh viên,active,JPD113|PRO192|SWP391|CEA201|PRJ301,9.7
HE150725,Phan Quang Khánh,khanhphan182@gmail.com,19,Sinh viên,active,SWP391|CEA201|JPE255|NWC203|PRJ301,4.7
HE150726,Đỗ Thanh Thảo,thaodo900@gmail.com,20,Sinh viên,offline,MAE101|JPE255|CEA201|MAS291|CSD201,4.1
HE150727,Trần Đức Bách,bachtran644@gmail.com,24,Sinh viên,active,CSD201|NWC203|JPE255|JPD113,7.4
HE150728,Đỗ Gia Hương,huongdo255@fpt.edu.vn,20,Sinh viên,active,CEA201|JPE255|NWC203,4.3
HE150729,Lê Hoàng Cường,cuongle158@gmail.com,24,Sinh viên,active,MAS291|JPD113|PRJ301|SWP391|JPE255,6.0
HE150730,Huỳnh Hữu Nga,ngahuynh239@fpt.edu.vn,19,Sinh viên,active,JPD113|SWP391|PRJ301,8.1
HE150731,Vũ Quang Khánh,khanhvu94@fpt.edu.vn,21,Sinh viên,active,JPD113|MAS291|NWC203|SWP391|PRO192,7.7
HE150732,Vũ Ngọc Trang,trangvu616@gmail.com,19,Sinh viên,offline,MAS291|PRO192|NWC203,9.9
HE150733,Vũ Xuân Bách,bachvu548@gmail.com,20,Sinh viên,active,JPD113|PRO192|SWP391|PRJ301,7.1
HE150734,Ngô Hải Anh,anhngo50@fpt.edu.vn,20,Sinh viên,offline,JPE255|MAS291|CSD201|JPD113|PRO192,5.2
HE150735,Vũ Đức Trang,trangvu349@gmail.com,22,Sinh viên,active,PRO192|CEA201|NWC203|PRJ301|JPE255,8.8
HE150736,Lý Hữu Thảo,thaoly10@fpt.edu.vn,20,Sinh viên,offline,CEA201|PRO192|NWC203|CSD201,7.9
HE150737,Hoàng Xuân Bách,bachhoang651@fpt.edu.vn,22,Sinh viên,active,JPD113|NWC203|JPE255,8.7
HE150738,Phan Văn Khánh,khanhphan972@fpt.edu.vn,19,Sinh viên,active,NWC203|MAE101|MAS291,7.1
HE150739,Đỗ Thành Hương,huongdo834@gmail.com,19,Sinh viên,offline,JPE255|MAE101|CEA201,4.2
HE150740,Lê Minh Lan,lanle95@gmail.com,22,Sinh viên,offline,CEA201|PRJ301|MAE101|JPD113,4.2
HE150741,Hồ Thu Nguyên,nguyenho649@gmail.com,19,Sinh viên,offline,SWP391|MAS291|JPE255|CSD201|MAE101,5.0
HE150742,Lý Minh Trang,trangly629@gmail.com,24,Sinh viên,active,MAE101|JPE255|PRJ301|PRO192|CEA201,6.8
HE150743,Huỳnh Đình Bình,binhhuynh749@gmail.com,18,Sinh viên,active,CSD201|PRO192|CEA201,8.5
HE150744,Phạm Hải Huy,huypham229@gmail.com,19,Sinh viên,active,MAS291|PRJ301|SWP391|PRO192|CSD201,6.0
HE150745,Huỳnh Thanh Thảo,thaohuynh66@fpt.edu.vn,18,Sinh viên,offline,PRJ301|PRO192|JPD113,8.3
HE150746,Hoàng Thị Hà,hahoang765@gmail.com,19,Sinh viên,offline,CSD201|NWC203|SWP391|PRO192|JPD113,6.9
HE150747,Đặng Thành Lan,landang950@fpt.edu.vn,21,Sinh viên,offline,MAS291|MAE101|JPD113,9.2
HE150748,Đặng Xuân Long,longdang323@fpt.edu.vn,23,Sinh viên,active,PRO192|CEA201|NWC203,8.9
HE150749,Hoàng Đình Sơn,sonhoang859@fpt.edu.vn,19,Sinh viên,active,CSD201|MAS291|JPD113,6.1
HE150750,Hồ Xuân Phong,phongho369@fpt.edu.vn,24,Sinh viên,offline,SWP391|PRJ301|CEA201|MAS291|JPD113,8.2
HE150751,Vũ Thành Phong,phongvu281@gmail.com,22,Sinh viên,active,PRO192|MAS291|JPD113|MAE101|JPE255,7.3
HE150752,Phạm Đình Nga,ngapham891@fpt.edu.vn,23,Sinh viên,active,SWP391|MAE101|JPD113|NWC203,6.2
HE150753,Bùi Xuân Trang,trangbui219@fpt.edu.vn,19,Sinh viên,active,SWP391|MAS291|CEA201,9.0
HE150754,Đặng Hoàng Bách,bachdang221@fpt.edu.vn,24,Sinh viên,offline,JPE255|CSD201|PRO192,8.7
HE150755,Lý Hoàng Phong,phongly387@gmail.com,20,Sinh viên,active,NWC203|CEA201|MAE101|JPD113|MAS291,8.7
HE150756,Hồ Minh Tuấn,tuanho315@gmail.com,22,Sinh viên,active,MAS291|PRO192|CSD201,4.4
HE150757,Phan Ngọc Lan,lanphan239@gmail.com,18,Sinh viên,offline,PRJ301|CEA201|MAE101,7.8
HE150758,Phan Thị Phong,phongphan942@gmail.com,18,Sinh viên,active,PRJ301|JPD113|JPE255,4.0
HE150759,Lê Xuân Anh,anhle770@gmail.com,19,Sinh viên,active,NWC203|JPD113|MAS291,4.2
HE150760,Hồ Thành Huy,huyho32@gmail.com,22,Sinh viên,offline,PRO192|NWC203|MAS291,5.6
HE150761,Lê Thanh Hà,hale607@gmail.com,19,Sinh viên,active,MAE101|NWC203|SWP391|PRO192|MAS291,7.6
HE150762,Trần Hải Hương,huongtran820@fpt.edu.vn,24,Sinh viên,active,NWC203|SWP391|CSD201,7.6
HE150763,Ngô Thành Tuấn,tuanngo58@fpt.edu.vn,24,Sinh viên,offline,JPE255|PRO192|CSD201|NWC203,6.9
HE150764,Đỗ Đình Linh,linhdo257@fpt.edu.vn,20,Sinh viên,offline,PRJ301|CSD201|MAS291|MAE101|JPE255,9.9
HE150765,Dương Xuân Nguyên,nguyenduong429@fpt.edu.vn,23,Sinh viên,active,MAS291|MAE101|SWP391|JPE255,7.0
HE150766,Phan Hoàng Bách,bachphan451@gmail.com,22,Sinh viên,offline,JPD113|SWP391|PRJ301,9.6
HE150767,Vũ Hữu Tuấn,tuanvu807@gmail.com,21,Sinh viên,active,PRJ301|CSD201|JPD113,8.2
HE150768,Lê Thị Sơn,sonle549@gmail.com,20,Sinh viên,offline,JPE255|JPD113|NWC203,6.4
HE150769,Đỗ Thu Long,longdo158@fpt.edu.vn,22,Sinh viên,active,NWC203|PRJ301|CSD201|JPD113,4.1
HE150770,Dương Thành Hoa,hoaduong22@gmail.com,21,Sinh viên,offline,CEA201|JPD113|PRO192|SWP391|PRJ301,6.9
HE150771,Vũ Thành Bách,bachvu564@gmail.com,22,Sinh viên,offline,PRJ301|PRO192|NWC203|MAE101|CSD201,9.1
HE150772,Nguyễn Minh Nguyên,nguyennguyen965@gmail.com,24,Sinh viên,offline,CSD201|CEA201|MAS291,5.9
HE150773,Ngô Thị Cường,cuongngo766@fpt.edu.vn,19,Sinh viên,offline,NWC203|JPE255|MAS291|CSD201|PRJ301,8.5
HE150774,Hồ Thành Cường,cuongho286@fpt.edu.vn,24,Sinh viên,active,JPE255|CSD201|CEA201|PRO192,4.7
HE150775,Võ Thị Hương,huongvo274@gmail.com,18,Sinh viên,offline,PRO192|CSD201|NWC203|MAS291,9.4
HE150776,Đỗ Minh Nga,ngado416@gmail.com,23,Sinh viên,offline,JPD113|PRJ301|CSD201|PRO192,9.1
HE150777,Huỳnh Gia Thảo,thaohuynh257@gmail.com,18,Sinh viên,active,CSD201|CEA201|JPE255|PRO192,8.7
HE150778,Ngô Thị Hoa,hoango924@gmail.com,23,Sinh viên,offline,JPE255|CEA201|JPD113|MAS291|CSD201,8.0
HE150779,Huỳnh Hữu Sơn,sonhuynh65@fpt.edu.vn,23,Sinh viên,offline,JPD113|SWP391|CSD201|CEA201|NWC203,9.8
HE150780,Hoàng Hữu Khoa,khoahoang266@fpt.edu.vn,21,Sinh viên,active,NWC203|CEA201|SWP391,8.5
HE150781,Dương Thanh Dũng,dungduong591@fpt.edu.vn,21,Sinh viên,offline,NWC203|CEA201|SWP391,5.6
HE150782,Bùi Gia Trang,trangbui462@fpt.edu.vn,22,Sinh viên,offline,NWC203|MAS291|JPE255|JPD113|CEA201,7.3
HE150783,Ngô Thu Tuấn,tuanngo79@gmail.com,19,Sinh viên,active,NWC203|CSD201|PRO192,9.8
HE150784,Nguyễn Thành Tùng,tungnguyen279@gmail.com,22,Sinh viên,active,SWP391|MAS291|CSD201|JPE255,8.0
HE150785,Phan Thanh Bách,bachphan374@fpt.edu.vn,20,Sinh viên,active,MAS291|CSD201|CEA201|MAE101|PRJ301,7.6
HE150786,Huỳnh Thị Khoa,khoahuynh287@gmail.com,19,Sinh viên,active,CSD201|SWP391|NWC203,4.5
HE150787,Võ Ngọc Khánh,khanhvo278@gmail.com,23,Sinh viên,active,NWC203|PRJ301|JPE255|PRO192,7.4
HE150788,Hoàng Hữu Huy,huyhoang746@gmail.com,22,Sinh viên,offline,MAE101|PRJ301|JPE255,9.1
HE150789,Lý Ngọc Bình,binhly61@fpt.edu.vn,19,Sinh viên,offline,PRO192|SWP391|PRJ301,7.9
HE150790,Phạm Quang Phong,phongpham413@gmail.com,21,Sinh viên,active,MAE101|JPE255|MAS291,7.5
HE150791,Huỳnh Hoàng Sơn,sonhuynh19@fpt.edu.vn,22,Sinh viên,offline,PRO192|NWC203|JPD113,8.9
HE150792,Đỗ Thị Cường,cuongdo971@gmail.com,20,Sinh viên,offline,NWC203|PRO192|CEA201,4.5
HE150793,Phan Thanh Long,longphan303@gmail.com,19,Sinh viên,active,NWC203|MAS291|JPE255,7.1
HE150794,Hoàng Quang Bình,binhhoang330@fpt.edu.vn,21,Sinh viên,offline,NWC203|SWP391|MAS291,4.2
HE150795,Lê Ngọc Hương,huongle875@fpt.edu.vn,21,Sinh viên,offline,CEA201|MAE101|JPD113|PRO192|JPE255,9.2
HE150796,Hồ Hữu Hương,huongho645@fpt.edu.vn,22,Sinh viên,active,CSD201|NWC203|MAS291|JPD113|MAE101,4.1
HE150797,Ngô Ngọc Anh,anhngo149@fpt.edu.vn,24,Sinh viên,active,JPE255|MAS291|JPD113,6.6
HE150798,Trần Minh Tùng,tungtran993@gmail.com,18,Sinh viên,active,PRO192|SWP391|JPE255|MAS291|CEA201,7.4
HE150799,Nguyễn Thanh Bình,binhnguyen867@fpt.edu.vn,22,Sinh viên,offline,CSD201|PRO192|SWP391,8.0
HE150800,Hồ Thị Linh,linhho444@fpt.edu.vn,19,Sinh viên,active,CSD201|JPE255|MAE101|NWC203,8.9
HE150801,Dương Xuân Huy,huyduong910@gmail.com,23,Sinh viên,offline,CSD201|NWC203|PRJ301|JPD113,4.5
HE150802,Ngô Gia Hà,hango696@gmail.com,24,Sinh viên,active,CSD201|MAE101|PRO192|JPE255|JPD113,6.0
HE150803,Lê Gia Bách,bachle331@fpt.edu.vn,20,Sinh viên,offline,PRO192|JPD113|SWP391|CSD201,5.4
HE150804,Đặng Thu Tùng,tungdang695@gmail.com,19,Sinh viên,active,PRO192|PRJ301|JPD113|CEA201,5.9
HE150805,Võ Hoàng Lan,lanvo402@fpt.edu.vn,18,Sinh viên,active,SWP391|JPE255|CSD201|PRO192,6.7
HE150806,Bùi Quang Cường,cuongbui168@fpt.edu.vn,20,Sinh viên,offline,MAS291|PRJ301|PRO192|CSD201,7.1
HE150807,Hồ Đức Long,longho591@gmail.com,21,Sinh viên,offline,SWP391|JPD113|PRJ301|MAS291,5.3
HE150808,Ngô Thị Dũng,dungngo342@gmail.com,24,Sinh viên,active,PRO192|JPD113|SWP391|MAE101|PRJ301,7.3
HE150809,Đỗ Văn Linh,linhdo542@gmail.com,20,Sinh viên,offline,NWC203|JPD113|MAS291,5.6
HE150810,Hoàng Văn Lan,lanhoang414@gmail.com,23,Sinh viên,active,CEA201|SWP391|PRJ301|CSD201|MAS291,8.7
HE150811,Phan Xuân Nga,ngaphan892@fpt.edu.vn,18,Sinh viên,offline,MAS291|CEA201|PRO192|JPD113,4.7
HE150812,Ngô Quang Tùng,tungngo677@fpt.edu.vn,22,Sinh viên,offline,JPE255|CSD201|PRJ301|SWP391,6.0
HE150813,Trần Thành Thảo,thaotran746@fpt.edu.vn,19,Sinh viên,active,JPD113|PRO192|CEA201,5.5
HE150814,Phan Đức Tùng,tungphan151@gmail.com,23,Sinh viên,active,PRJ301|NWC203|JPE255|JPD113,9.9
HE150815,Dương Hải Phong,phongduong189@gmail.com,19,Sinh viên,active,JPD113|NWC203|CSD201|MAS291|PRJ301,7.3
HE150816,Hoàng Quang Khánh,khanhhoang329@fpt.edu.vn,24,Sinh viên,active,CEA201|MAS291|MAE101,4.4
HE150817,Nguyễn Thành Bách,bachnguyen39@gmail.com,20,Sinh viên,active,MAS291|PRJ301|SWP391|PRO192,5.5
HE150818,Phan Minh Tuấn,tuanphan394@gmail.com,22,Sinh viên,offline,PRJ301|CEA201|NWC203|PRO192,4.8
HE150819,Lý Minh Hoa,hoaly634@gmail.com,19,Sinh viên,active,PRJ301|MAE101|NWC203|MAS291|JPD113,9.2
HE150820,Đỗ Thu Anh,anhdo465@fpt.edu.vn,21,Sinh viên,active,JPE255|MAE101|CEA201|CSD201,4.5
HE150821,Phan Văn Sơn,sonphan484@gmail.com,21,Sinh viên,offline,NWC203|MAS291|PRJ301|JPD113|PRO192,4.2
HE150822,Lý Văn Thảo,thaoly784@gmail.com,20,Sinh viên,offline,NWC203|CEA201|PRJ301|MAE101,7.1
HE150823,Vũ Thành Huy,huyvu1@fpt.edu.vn,19,Sinh viên,active,PRJ301|JPD113|MAS291,4.5
HE150824,Bùi Ngọc Anh,anhbui61@fpt.edu.vn,19,Sinh viên,offline,JPE255|NWC203|CEA201|JPD113,7.9
HE150825,Vũ Đức Vy,vyvu405@gmail.com,21,Sinh viên,offline,SWP391|JPE255|CEA201,8.2
HE150826,Bùi Ngọc Bình,binhbui541@fpt.edu.vn,19,Sinh viên,offline,PRO192|MAS291|PRJ301|SWP391|CEA201,4.3
HE150827,Phan Đình Khánh,khanhphan108@gmail.com,18,Sinh viên,active,PRJ301|CEA201|JPE255|NWC203|CSD201,7.7
HE150828,Dương Thu Nguyên,nguyenduong29@gmail.com,20,Sinh viên,offline,MAS291|CSD201|PRO192,7.0
HE150829,Vũ Hải Tuấn,tuanvu632@fpt.edu.vn,19,Sinh viên,active,JPE255|PRO192|SWP391|JPD113|CSD201,6.7
HE150830,Đỗ Minh Vy,vydo869@gmail.com,19,Sinh viên,offline,MAE101|NWC203|CSD201,5.0
HE150831,Trần Thanh Hà,hatran609@fpt.edu.vn,22,Sinh viên,active,CEA201|JPE255|CSD201,7.7
HE150832,Trần Hải Bách,bachtran397@gmail.com,18,Sinh viên,offline,CSD201|MAS291|JPD113|PRO192,6.2
HE150833,Dương Hữu Bình,binhduong939@gmail.com,18,Sinh viên,active,NWC203|JPE255|PRJ301|MAS291,9.4
HE150834,Ngô Minh Trang,trangngo835@fpt.edu.vn,22,Sinh viên,offline,MAS291|JPE255|CSD201|JPD113,8.0
HE150835,Lý Đức Phong,phongly235@fpt.edu.vn,19,Sinh viên,offline,PRO192|JPD113|NWC203|MAS291|CSD201,5.6
HE150836,Đặng Thanh Phong,phongdang963@fpt.edu.vn,21,Sinh viên,active,PRO192|PRJ301|CEA201|MAE101,5.7
HE150837,Đỗ Hoàng Thảo,thaodo711@gmail.com,24,Sinh viên,active,SWP391|CSD201|NWC203,6.4
HE150838,Đỗ Thành Tuấn,tuando513@gmail.com,18,Sinh viên,offline,PRO192|MAE101|CSD201|JPD113|NWC203,5.8
HE150839,Đặng Xuân Trang,trangdang669@fpt.edu.vn,20,Sinh viên,active,JPD113|MAS291|CSD201|NWC203|CEA201,8.8
HE150840,Ngô Thu Huy,huyngo244@fpt.edu.vn,20,Sinh viên,active,JPE255|PRJ301|MAS291|JPD113,9.7
HE150841,Đỗ Thị Khoa,khoado182@gmail.com,24,Sinh viên,active,PRO192|CEA201|MAS291|MAE101|JPD113,8.0
HE150842,Trần Đình Thảo,thaotran182@gmail.com,18,Sinh viên,offline,PRO192|CEA201|MAE101|CSD201,9.3
HE150843,Đỗ Ngọc Khánh,khanhdo827@gmail.com,22,Sinh viên,active,SWP391|JPD113|NWC203,9.3
HE150844,Hồ Hữu Tuấn,tuanho795@gmail.com,23,Sinh viên,active,PRJ301|MAS291|PRO192|NWC203|CEA201,8.5
HE150845,Phan Thanh Hương,huongphan803@gmail.com,22,Sinh viên,offline,PRJ301|NWC203|CSD201,6.0
HE150846,Huỳnh Thị Phong,phonghuynh730@gmail.com,20,Sinh viên,active,CEA201|MAS291|CSD201,8.8
HE150847,Hồ Hoàng Long,longho432@gmail.com,20,Sinh viên,active,CSD201|PRO192|JPE255|PRJ301|MAE101,5.3
HE150848,Lý Hải Tùng,tungly760@fpt.edu.vn,23,Sinh viên,offline,CEA201|NWC203|CSD201|MAE101,4.3
HE150849,Võ Xuân Cường,cuongvo300@gmail.com,23,Sinh viên,active,SWP391|NWC203|MAS291,4.4
HE150850,Đặng Đình Nga,ngadang186@gmail.com,24,Sinh viên,offline,MAS291|CEA201|SWP391|JPE255|NWC203,5.9
HE150851,Ngô Hải Lan,lanngo617@gmail.com,23,Sinh viên,active,MAS291|JPD113|PRJ301|NWC203|CEA201,4.9
HE150852,Đỗ Thanh Tùng,tungdo277@gmail.com,24,Sinh viên,offline,JPE255|SWP391|MAS291,6.2
HE150853,Phạm Thị Vy,vypham877@fpt.edu.vn,19,Sinh viên,offline,NWC203|JPE255|CEA201,9.7
HE150854,Đặng Thanh Lan,landang15@fpt.edu.vn,21,Sinh viên,active,MAE101|PRJ301|JPE255|SWP391|PRO192,9.5
HE150855,Dương Thu Bách,bachduong721@fpt.edu.vn,21,Sinh viên,active,CEA201|CSD201|SWP391|NWC203,5.8
HE150856,Huỳnh Thị Linh,linhhuynh347@fpt.edu.vn,24,Sinh viên,active,MAS291|NWC203|PRO192|SWP391,9.4
HE150857,Võ Gia Bách,bachvo893@gmail.com,23,Sinh viên,offline,PRO192|CSD201|CEA201|SWP391,4.9
HE150858,Võ Hải Khánh,khanhvo120@gmail.com,20,Sinh viên,offline,PRO192|JPD113|NWC203,7.1
HE150859,Vũ Xuân Anh,anhvu416@fpt.edu.vn,24,Sinh viên,active,SWP391|CSD201|MAE101,9.2
HE150860,Vũ Hoàng Nga,ngavu140@gmail.com,21,Sinh viên,active,CEA201|MAS291|JPD113|SWP391,4.1
HE150861,Phan Hoàng Thảo,thaophan430@fpt.edu.vn,23,Sinh viên,active,SWP391|PRJ301|JPD113|CEA201,8.2
HE150862,Nguyễn Thành Dũng,dungnguyen269@fpt.edu.vn,18,Sinh viên,offline,MAE101|PRO192|CSD201|PRJ301,8.1
HE150863,Huỳnh Đình Hoa,hoahuynh594@fpt.edu.vn,24,Sinh viên,active,JPE255|CSD201|CEA201,9.7
HE150864,Bùi Văn Hà,habui528@fpt.edu.vn,24,Sinh viên,offline,MAE101|CEA201|SWP391|JPE255|PRO192,6.3
HE150865,Phạm Thu Nguyên,nguyenpham734@fpt.edu.vn,23,Sinh viên,active,SWP391|CEA201|JPE255|NWC203|JPD113,5.9
HE150866,Dương Hoàng Trang,trangduong14@gmail.com,23,Sinh viên,offline,JPD113|PRJ301|SWP391|MAS291,9.8
HE150867,Hồ Thu Tùng,tungho554@fpt.edu.vn,23,Sinh viên,offline,NWC203|MAS291|CSD201,8.4
HE150868,Phan Minh Hoa,hoaphan371@fpt.edu.vn,24,Sinh viên,active,CSD201|MAE101|JPD113|PRO192,4.5
HE150869,Huỳnh Thu Nga,ngahuynh843@fpt.edu.vn,24,Sinh viên,offline,SWP391|CSD201|JPD113|PRO192,7.6
HE150870,Huỳnh Đình Linh,linhhuynh130@gmail.com,19,Sinh viên,active,JPD113|MAE101|NWC203|CSD201,9.6
HE150871,Lê Thành Hà,hale143@gmail.com,22,Sinh viên,offline,PRJ301|JPE255|SWP391,5.3
HE150872,Ngô Đình Lan,lanngo625@gmail.com,19,Sinh viên,active,JPE255|PRO192|CSD201|CEA201|JPD113,7.0
HE150873,Đỗ Văn Khánh,khanhdo694@gmail.com,21,Sinh viên,offline,MAS291|CEA201|NWC203|JPE255|JPD113,5.3
HE150874,Ngô Văn Nga,ngango237@fpt.edu.vn,24,Sinh viên,active,SWP391|CEA201|JPE255,9.0
HE150875,Phạm Thanh Dũng,dungpham41@fpt.edu.vn,22,Sinh viên,offline,PRJ301|CSD201|CEA201,9.9
HE150876,Hồ Đức Linh,linhho486@fpt.edu.vn,24,Sinh viên,active,CEA201|JPD113|NWC203|MAE101|CSD201,5.6
HE150877,Huỳnh Hoàng Tùng,tunghuynh872@gmail.com,19,Sinh viên,active,JPE255|CSD201|PRJ301|PRO192|MAE101,4.3
HE150878,Võ Xuân Anh,anhvo353@fpt.edu.vn,20,Sinh viên,active,NWC203|CSD201|CEA201,6.8
HE150879,Trần Quang Hương,huongtran995@gmail.com,22,Sinh viên,offline,PRJ301|SWP391|MAS291|NWC203|PRO192,4.6
HE150880,Đặng Ngọc Hoa,hoadang542@fpt.edu.vn,24,Sinh viên,active,JPD113|JPE255|MAE101|CEA201,7.8
HE150881,Lý Ngọc Bách,bachly73@fpt.edu.vn,24,Sinh viên,offline,CEA201|MAS291|NWC203|JPD113,5.3
HE150882,Trần Gia Dũng,dungtran599@gmail.com,22,Sinh viên,active,MAS291|NWC203|JPE255,7.8
HE150883,Phạm Đức Nga,ngapham888@gmail.com,18,Sinh viên,offline,CEA201|MAE101|PRJ301|JPD113,6.7
HE150884,Nguyễn Thị Phong,phongnguyen942@fpt.edu.vn,21,Sinh viên,active,PRJ301|JPE255|CSD201|MAS291|JPD113,7.1
HE150885,Trần Đình Nga,ngatran835@gmail.com,19,Sinh viên,offline,CEA201|JPE255|NWC203|JPD113|MAE101,8.0
HE150886,Võ Thanh Long,longvo236@gmail.com,24,Sinh viên,active,NWC203|SWP391|JPD113|PRO192,7.2
HE150887,Phan Thành Khoa,khoaphan998@gmail.com,22,Sinh viên,offline,PRJ301|CEA201|MAS291|CSD201,5.9
HE150888,Phan Thành Hoa,hoaphan867@fpt.edu.vn,18,Sinh viên,active,SWP391|NWC203|JPE255,7.5
HE150889,Hồ Hữu Nguyên,nguyenho387@fpt.edu.vn,23,Sinh viên,active,SWP391|CEA201|JPD113,6.8
HE150890,Hồ Quang Vy,vyho754@gmail.com,19,Sinh viên,offline,PRJ301|JPE255|MAE101|NWC203|CSD201,4.1
HE150891,Nguyễn Xuân Khánh,khanhnguyen579@fpt.edu.vn,20,Sinh viên,active,SWP391|MAS291|CSD201,7.1
HE150892,Võ Xuân Nga,ngavo73@fpt.edu.vn,20,Sinh viên,active,PRO192|MAS291|JPE255|SWP391,7.2
HE150893,Dương Hải Bách,bachduong26@fpt.edu.vn,18,Sinh viên,offline,JPD113|MAS291|PRJ301,8.0
HE150894,Vũ Ngọc Vy,vyvu536@fpt.edu.vn,19,Sinh viên,active,CSD201|MAE101|JPE255|CEA201|MAS291,4.7
HE150895,Lý Văn Huy,huyly762@fpt.edu.vn,18,Sinh viên,active,CSD201|SWP391|NWC203,8.4
HE150896,Đặng Gia Vy,vydang971@fpt.edu.vn,24,Sinh viên,offline,SWP391|CEA201|JPD113|MAE101|CSD201,8.6
HE150897,Võ Xuân Tuấn,tuanvo314@gmail.com,21,Sinh viên,offline,MAE101|PRJ301|NWC203|JPE255|CSD201,5.8
HE150898,Ngô Đức Nga,ngango550@gmail.com,22,Sinh viên,offline,JPE255|PRO192|JPD113|SWP391,9.5
HE150899,Đỗ Văn Trang,trangdo9@gmail.com,22,Sinh viên,offline,MAE101|MAS291|CSD201,5.5
HE150900,Võ Thanh Linh,linhvo299@gmail.com,19,Sinh viên,active,MAE101|JPD113|SWP391,9.9
HE150901,Vũ Đức Bình,binhvu368@fpt.edu.vn,24,Sinh viên,offline,SWP391|CSD201|MAE101|PRO192,4.8
HE150902,Lê Hữu Long,longle977@gmail.com,24,Sinh viên,offline,CSD201|JPE255|NWC203,4.8
HE150903,Hồ Quang Hoa,hoaho154@gmail.com,23,Sinh viên,offline,JPD113|MAS291|JPE255|NWC203|CEA201,6.4
HE150904,Bùi Thành Tuấn,tuanbui864@gmail.com,23,Sinh viên,offline,PRO192|CSD201|CEA201,4.1
HE150905,Phan Thị Thảo,thaophan849@fpt.edu.vn,19,Sinh viên,active,CSD201|PRO192|MAS291,8.1
HE150906,Lý Hoàng Bách,bachly385@gmail.com,20,Sinh viên,offline,JPD113|JPE255|SWP391|MAS291|MAE101,5.2
HE150907,Dương Hữu Khánh,khanhduong463@gmail.com,23,Sinh viên,active,PRO192|CEA201|JPD113,9.9
HE150908,Võ Văn Sơn,sonvo371@fpt.edu.vn,23,Sinh viên,active,CEA201|PRO192|CSD201,5.3
HE150909,Huỳnh Thành Nguyên,nguyenhuynh293@fpt.edu.vn,24,Sinh viên,offline,MAE101|SWP391|PRJ301,9.2
HE150910,Dương Minh Bình,binhduong953@gmail.com,19,Sinh viên,active,MAS291|CEA201|NWC203|SWP391|PRO192,4.0
HE150911,Lý Minh Dũng,dungly530@gmail.com,20,Sinh viên,active,NWC203|MAS291|PRJ301|JPD113|CSD201,8.5
HE150912,Bùi Thanh Thảo,thaobui201@fpt.edu.vn,20,Sinh viên,active,MAS291|PRJ301|CEA201,4.6
HE150913,Trần Gia Thảo,thaotran670@fpt.edu.vn,23,Sinh viên,active,JPE255|CSD201|CEA201|SWP391,9.4
HE150914,Lê Minh Khoa,khoale188@fpt.edu.vn,24,Sinh viên,active,MAS291|PRO192|CEA201|CSD201,8.2
HE150915,Ngô Đình Trang,trangngo315@gmail.com,19,Sinh viên,active,JPD113|CEA201|JPE255|NWC203|MAE101,9.6
HE150916,Hoàng Minh Hương,huonghoang593@fpt.edu.vn,23,Sinh viên,offline,MAE101|PRO192|JPE255,6.1
HE150917,Bùi Văn Phong,phongbui969@fpt.edu.vn,22,Sinh viên,offline,JPD113|CEA201|MAS291|MAE101|JPE255,9.1
HE150918,Bùi Thành Khoa,khoabui619@gmail.com,18,Sinh viên,active,JPD113|CSD201|MAE101,9.5
HE150919,Đặng Thị Tuấn,tuandang571@fpt.edu.vn,18,Sinh viên,offline,CEA201|JPE255|PRO192|NWC203|MAE101,5.4
HE150920,Ngô Xuân Nga,ngango432@fpt.edu.vn,23,Sinh viên,offline,MAS291|MAE101|PRO192|SWP391,9.2
HE150921,Bùi Đức Hoa,hoabui602@gmail.com,21,Sinh viên,active,NWC203|PRO192|JPD113|SWP391,8.5
HE150922,Huỳnh Hải Hà,hahuynh670@fpt.edu.vn,23,Sinh viên,offline,CEA201|PRJ301|MAE101|JPE255|NWC203,9.3
HE150923,Dương Hải Nga,ngaduong364@gmail.com,22,Sinh viên,offline,PRO192|CSD201|JPE255|PRJ301|MAS291,8.1
HE150924,Hồ Thu Sơn,sonho562@fpt.edu.vn,19,Sinh viên,active,MAE101|PRJ301|MAS291|JPE255,6.9
HE150925,Nguyễn Thu Tuấn,tuannguyen732@gmail.com,22,Sinh viên,active,MAS291|JPE255|PRJ301|PRO192,5.2
HE150926,Phạm Thanh Khoa,khoapham491@fpt.edu.vn,18,Sinh viên,active,CEA201|SWP391|MAE101,6.5
HE150927,Bùi Hải Linh,linhbui122@gmail.com,22,Sinh viên,offline,SWP391|NWC203|CEA201|PRJ301|PRO192,8.7
HE150928,Hoàng Thu Nguyên,nguyenhoang860@gmail.com,21,Sinh viên,offline,CEA201|PRJ301|JPE255|CSD201|JPD113,6.8
HE150929,Ngô Gia Khánh,khanhngo450@gmail.com,23,Sinh viên,offline,CSD201|CEA201|MAS291|PRJ301,4.4
HE150930,Võ Xuân Lan,lanvo765@fpt.edu.vn,19,Sinh viên,active,PRO192|JPE255|NWC203|JPD113|SWP391,8.4
HE150931,Hoàng Hải Thảo,thaohoang612@fpt.edu.vn,23,Sinh viên,offline,JPD113|CEA201|JPE255|PRJ301,8.5
HE150932,Đỗ Thành Nga,ngado371@fpt.edu.vn,21,Sinh viên,active,NWC203|CSD201|MAS291,9.1
HE150933,Đặng Hoàng Hoa,hoadang77@fpt.edu.vn,20,Sinh viên,active,SWP391|CEA201|JPD113|MAE101,8.5
HE150934,Võ Ngọc Tuấn,tuanvo418@gmail.com,23,Sinh viên,active,CEA201|JPE255|PRO192|CSD201,4.6
HE150935,Đỗ Hoàng Bình,binhdo34@fpt.edu.vn,23,Sinh viên,active,MAE101|SWP391|PRJ301,4.6
HE150936,Nguyễn Minh Bình,binhnguyen424@gmail.com,24,Sinh viên,offline,NWC203|SWP391|PRO192|CSD201|JPD113,7.0
HE150937,Dương Thu Thảo,thaoduong866@fpt.edu.vn,20,Sinh viên,active,SWP391|JPE255|NWC203|MAS291,4.1
HE150938,Hoàng Hoàng Hoa,hoahoang397@gmail.com,22,Sinh viên,offline,MAS291|CSD201|PRJ301|JPE255,8.1
HE150939,Nguyễn Thu Khoa,khoanguyen75@fpt.edu.vn,22,Sinh viên,offline,JPD113|MAE101|CEA201|CSD201|SWP391,9.6
HE150940,Trần Ngọc Huy,huytran8@gmail.com,22,Sinh viên,active,CSD201|MAS291|PRO192|JPE255,7.0
HE150941,Nguyễn Văn Cường,cuongnguyen895@fpt.edu.vn,21,Sinh viên,active,JPD113|MAS291|PRJ301|SWP391|JPE255,4.7
HE150942,Võ Ngọc Bách,bachvo299@fpt.edu.vn,18,Sinh viên,active,CSD201|SWP391|PRJ301|JPD113|NWC203,8.0
HE150943,Hồ Thanh Dũng,dungho806@fpt.edu.vn,18,Sinh viên,active,PRJ301|MAE101|JPE255|SWP391,5.8
HE150944,Nguyễn Hải Thảo,thaonguyen54@fpt.edu.vn,20,Sinh viên,active,JPD113|MAE101|NWC203|CEA201|PRO192,8.0
HE150945,Phan Quang Linh,linhphan910@gmail.com,22,Sinh viên,active,MAS291|JPE255|CSD201|JPD113|MAE101,9.0
HE150946,Vũ Thành Trang,trangvu805@gmail.com,19,Sinh viên,active,JPE255|CSD201|NWC203,7.9
HE150947,Ngô Hữu Tùng,tungngo257@gmail.com,18,Sinh viên,offline,MAE101|CEA201|JPE255|PRO192|PRJ301,6.7
HE150948,Đặng Ngọc Huy,huydang384@gmail.com,20,Sinh viên,active,SWP391|MAE101|CSD201|JPE255,4.2
HE150949,Hoàng Thanh Long,longhoang730@gmail.com,22,Sinh viên,active,MAS291|PRJ301|MAE101|JPD113,7.1
HE150950,Vũ Đình Hương,huongvu547@fpt.edu.vn,22,Sinh viên,offline,PRO192|MAS291|SWP391|NWC203,4.6
HE150951,Võ Thu Trang,trangvo966@fpt.edu.vn,19,Sinh viên,offline,MAE101|PRJ301|JPE255|NWC203|MAS291,4.9
HE150952,Trần Minh Linh,linhtran949@gmail.com,22,Sinh viên,offline,PRJ301|JPD113|CEA201|PRO192|CSD201,7.2
HE150953,Lý Minh Khánh,khanhly831@fpt.edu.vn,21,Sinh viên,active,PRO192|PRJ301|CSD201,6.7
HE150954,Phạm Thị Bách,bachpham735@fpt.edu.vn,21,Sinh viên,offline,PRO192|JPD113|PRJ301,6.0
HE150955,Lý Thị Tuấn,tuanly136@fpt.edu.vn,20,Sinh viên,offline,MAE101|PRJ301|PRO192,7.2
HE150956,Phạm Xuân Huy,huypham525@fpt.edu.vn,23,Sinh viên,offline,JPD113|SWP391|PRO192,7.8
HE150957,Bùi Hải Anh,anhbui508@fpt.edu.vn,21,Sinh viên,active,MAE101|SWP391|CEA201,5.1
HE150958,Đỗ Hoàng Tuấn,tuando340@fpt.edu.vn,21,Sinh viên,active,MAS291|CSD201|JPE255,5.7
HE150959,Bùi Đình Nga,ngabui220@fpt.edu.vn,18,Sinh viên,active,MAS291|PRO192|SWP391|NWC203,6.2
HE150960,Vũ Hoàng Khoa,khoavu223@fpt.edu.vn,22,Sinh viên,active,PRJ301|JPD113|CSD201|MAS291|SWP391,8.8
HE150961,Ngô Hải Vy,vyngo862@fpt.edu.vn,20,Sinh viên,active,PRO192|CSD201|MAE101,4.0
HE150962,Bùi Văn Nguyên,nguyenbui675@gmail.com,23,Sinh viên,offline,PRJ301|PRO192|CSD201|NWC203,8.1
HE150963,Phạm Hải Lan,lanpham185@gmail.com,20,Sinh viên,active,JPD113|PRJ301|MAS291|SWP391|JPE255,6.5
HE150964,Ngô Thị Lan,lanngo891@gmail.com,18,Sinh viên,active,PRJ301|MAE101|JPD113,9.7
HE150965,Ngô Xuân Bách,bachngo484@fpt.edu.vn,22,Sinh viên,active,PRJ301|NWC203|SWP391|MAE101|JPD113,4.8
HE150966,Huỳnh Văn Anh,anhhuynh964@gmail.com,22,Sinh viên,offline,CSD201|MAE101|MAS291|PRJ301|JPD113,7.1
HE150967,Huỳnh Thị Nga,ngahuynh621@fpt.edu.vn,23,Sinh viên,offline,MAS291|PRJ301|NWC203|SWP391|CEA201,9.0
HE150968,Huỳnh Thị Hoa,hoahuynh937@gmail.com,23,Sinh viên,active,MAS291|CEA201|PRJ301|MAE101|PRO192,6.8
HE150969,Trần Đức Long,longtran995@fpt.edu.vn,23,Sinh viên,offline,PRJ301|MAS291|PRO192,8.0
HE150970,Huỳnh Gia Nga,ngahuynh558@gmail.com,22,Sinh viên,active,CSD201|SWP391|MAE101|MAS291,5.5
HE150971,Đặng Đức Huy,huydang334@gmail.com,20,Sinh viên,offline,NWC203|MAS291|CSD201,4.6
HE150972,Huỳnh Đức Trang,tranghuynh861@fpt.edu.vn,23,Sinh viên,active,PRO192|JPD113|MAE101,9.1
HE150973,Phan Quang Sơn,sonphan55@gmail.com,19,Sinh viên,active,JPD113|PRO192|SWP391|CSD201,7.2
HE150974,Trần Quang Nguyên,nguyentran64@fpt.edu.vn,23,Sinh viên,active,MAS291|SWP391|JPD113|CSD201|PRO192,9.8
HE150975,Hoàng Thu Cường,cuonghoang153@fpt.edu.vn,22,Sinh viên,offline,JPE255|NWC203|SWP391,6.1
HE150976,Phan Gia Anh,anhphan289@fpt.edu.vn,22,Sinh viên,active,MAE101|CSD201|MAS291|JPD113,4.1
HE150977,Nguyễn Ngọc Tuấn,tuannguyen32@gmail.com,21,Sinh viên,offline,PRJ301|MAS291|NWC203|PRO192,5.9
HE150978,Hồ Thị Tuấn,tuanho635@gmail.com,22,Sinh viên,offline,SWP391|JPE255|MAE101|MAS291,8.7
HE150979,Vũ Hữu Vy,vyvu996@gmail.com,20,Sinh viên,offline,PRO192|CEA201|JPD113,9.8
HE150980,Hồ Hữu Phong,phongho199@gmail.com,23,Sinh viên,active,JPE255|PRJ301|MAS291|MAE101|SWP391,8.6
HE150981,Bùi Đình Hoa,hoabui742@fpt.edu.vn,18,Sinh viên,active,PRJ301|JPD113|MAE101|SWP391|CEA201,6.5
HE150982,Phạm Hải Cường,cuongpham897@fpt.edu.vn,22,Sinh viên,active,SWP391|PRO192|NWC203,9.1
HE150983,Ngô Gia Vy,vyngo263@gmail.com,23,Sinh viên,offline,MAS291|MAE101|NWC203|CSD201,6.3
HE150984,Võ Hải Thảo,thaovo558@fpt.edu.vn,19,Sinh viên,active,PRJ301|JPE255|NWC203,5.0
HE150985,Huỳnh Quang Hà,hahuynh301@fpt.edu.vn,18,Sinh viên,offline,MAE101|JPE255|PRJ301|JPD113|PRO192,8.2
HE150986,Bùi Hải Dũng,dungbui459@fpt.edu.vn,21,Sinh viên,active,MAE101|JPE255|PRO192,9.3
HE150987,Lê Thu Thảo,thaole236@fpt.edu.vn,23,Sinh viên,active,MAS291|JPE255|PRO192|JPD113,6.1
HE150988,Vũ Gia Linh,linhvu773@gmail.com,23,Sinh viên,active,PRJ301|SWP391|NWC203|JPE255|JPD113,4.5
HE150989,Bùi Đình Nguyên,nguyenbui521@fpt.edu.vn,24,Sinh viên,offline,NWC203|JPE255|CEA201,5.7
HE150990,Phạm Thị Lan,lanpham297@gmail.com,20,Sinh viên,active,CSD201|PRO192|MAS291|NWC203|PRJ301,4.3
HE150991,Lê Xuân Bách,bachle689@fpt.edu.vn,24,Sinh viên,offline,JPE255|CEA201|PRJ301,6.3
HE150992,Lê Thành Vy,vyle330@fpt.edu.vn,18,Sinh viên,offline,SWP391|CSD201|JPD113|CEA201|PRO192,4.4
HE150993,Vũ Văn Tuấn,tuanvu29@fpt.edu.vn,21,Sinh viên,active,MAS291|NWC203|CSD201,6.1
HE150994,Huỳnh Hữu Hà,hahuynh449@gmail.com,23,Sinh viên,offline,PRJ301|JPE255|CEA201|MAS291,6.0
HE150995,Phan Thu Cường,cuongphan64@gmail.com,21,Sinh viên,active,CSD201|JPD113|CEA201,7.2
HE150996,Nguyễn Thị Sơn,sonnguyen41@fpt.edu.vn,22,Sinh viên,active,CEA201|MAS291|NWC203|SWP391|JPD113,6.2
HE150997,Đỗ Xuân Hà,hado538@fpt.edu.vn,22,Sinh viên,offline,CEA201|PRJ301|CSD201|JPD113|MAS291,9.1
HE150998,Ngô Hải Hà,hango825@fpt.edu.vn,19,Sinh viên,active,PRJ301|MAS291|CEA201,9.4
HE150999,Đỗ Ngọc Bách,bachdo353@gmail.com,24,Sinh viên,offline,CEA201|MAE101|MAS291|CSD201,10.0
HE151000,Võ Hải Nga,ngavo429@gmail.com,18,Sinh viên,active,SWP391|CSD201|CEA201,6.0
