submissionId,userId,fileUrl,fileHash,status,submittedAt
SUB0001,U0039,http://git.com/SUB0001,hashSUB0001,Graded,2023-10-20
SUB0002,U0079,http://git.com/SUB0002,hashSUB0002,Graded,2023-10-20
SUB0003,U0051,http://git.com/SUB0003,hashSUB0003,Graded,2023-10-20
SUB0004,U0091,http://git.com/SUB0004,hashSUB0004,Graded,2023-10-20
SUB0005,U0094,http://git.com/SUB0005,hashSUB0005,Graded,2023-10-20
SUB0006,U0034,http://git.com/SUB0006,hashSUB0006,Graded,2023-10-20
SUB0007,U0095,http://git.com/SUB0007,hashSUB0007,Graded,2023-10-20
SUB0008,U0068,http://git.com/SUB0008,hashSUB0008,Graded,2023-10-20
SUB0009,U0024,http://git.com/SUB0009,hashSUB0009,Graded,2023-10-20
SUB0010,U0089,http://git.com/SUB0010,hashSUB0010,Graded,2023-10-20
SUB0011,U0069,http://git.com/SUB0011,hashSUB0011,Graded,2023-10-20
SUB0012,U0054,http://git.com/SUB0012,hashSUB0012,Graded,2023-10-20
SUB0013,U0059,http://git.com/SUB0013,hashSUB0013,Graded,2023-10-20
SUB0014,U0033,http://git.com/SUB0014,hashSUB0014,Graded,2023-10-20
SUB0015,U0037,http://git.com/SUB0015,hashSUB0015,Graded,2023-10-20
SUB0016,U0046,http://git.com/SUB0016,hashSUB0016,Graded,2023-10-20
SUB0017,U0012,http://git.com/SUB0017,hashSUB0017,Graded,2023-10-20
SUB0018,U0063,http://git.com/SUB0018,hashSUB0018,Graded,2023-10-20
SUB0019,U0054,http://git.com/SUB0019,hashSUB0019,Graded,2023-10-20
SUB0020,U0037,http://git.com/SUB0020,hashSUB0020,Graded,2023-10-20
SUB0021,U0034,http://git.com/SUB0021,hashSUB0021,Graded,2023-10-20
SUB0022,U0080,http://git.com/SUB0022,hashSUB0022,Graded,2023-10-20
SUB0023,U0060,http://git.com/SUB0023,hashSUB0023,Graded,2023-10-20
SUB0024,U0064,http://git.com/SUB0024,hashSUB0024,Graded,2023-10-20
SUB0025,U0036,http://git.com/SUB0025,hashSUB0025,Graded,2023-10-20
SUB0026,U0065,http://git.com/SUB0026,hashSUB0026,Graded,2023-10-20
SUB0027,U0071,http://git.com/SUB0027,hashSUB0027,Graded,2023-10-20
SUB0028,U0019,http://git.com/SUB0028,hashSUB0028,Graded,2023-10-20
SUB0029,U0069,http://git.com/SUB0029,hashSUB0029,Graded,2023-10-20
SUB0030,U0092,http://git.com/SUB0030,hashSUB0030,Graded,2023-10-20
SUB0031,U0065,http://git.com/SUB0031,hashSUB0031,Graded,2023-10-20
SUB0032,U0070,http://git.com/SUB0032,hashSUB0032,Graded,2023-10-20
SUB0033,U0100,http://git.com/SUB0033,hashSUB0033,Graded,2023-10-20
SUB0034,U0041,http://git.com/SUB0034,hashSUB0034,Graded,2023-10-20
SUB0035,U0013,http://git.com/SUB0035,hashSUB0035,Graded,2023-10-20
SUB0036,U0022,http://git.com/SUB0036,hashSUB0036,Graded,2023-10-20
SUB0037,U0039,http://git.com/SUB0037,hashSUB0037,Graded,2023-10-20
SUB0038,U0079,http://git.com/SUB0038,hashSUB0038,Graded,2023-10-20
SUB0039,U0086,http://git.com/SUB0039,hashSUB0039,Graded,2023-10-20
SUB0040,U0091,http://git.com/SUB0040,hashSUB0040,Graded,2023-10-20
SUB0041,U0072,http://git.com/SUB0041,hashSUB0041,Graded,2023-10-20
SUB0042,U0076,http://git.com/SUB0042,hashSUB0042,Graded,2023-10-20
SUB0043,U0087,http://git.com/SUB0043,hashSUB0043,Graded,2023-10-20
SUB0044,U0039,http://git.com/SUB0044,hashSUB0044,Graded,2023-10-20
SUB0045,U0021,http://git.com/SUB0045,hashSUB0045,Graded,2023-10-20
SUB0046,U0060,http://git.com/SUB0046,hashSUB0046,Graded,2023-10-20
SUB0047,U0037,http://git.com/SUB0047,hashSUB0047,Graded,2023-10-20
SUB0048,U0100,http://git.com/SUB0048,hashSUB0048,Graded,2023-10-20
SUB0049,U0069,http://git.com/SUB0049,hashSUB0049,Graded,2023-10-20
SUB0050,U0075,http://git.com/SUB0050,hashSUB0050,Graded,2023-10-20
SUB0051,U0014,http://git.com/SUB0051,hashSUB0051,Graded,2023-10-20
SUB0052,U0077,http://git.com/SUB0052,hashSUB0052,Graded,2023-10-20
SUB0053,U0053,http://git.com/SUB0053,hashSUB0053,Graded,2023-10-20
SUB0054,U0049,http://git.com/SUB0054,hashSUB0054,Graded,2023-10-20
SUB0055,U0075,http://git.com/SUB0055,hashSUB0055,Graded,2023-10-20
SUB0056,U0062,http://git.com/SUB0056,hashSUB0056,Graded,2023-10-20
SUB0057,U0019,http://git.com/SUB0057,hashSUB0057,Graded,2023-10-20
SUB0058,U0058,http://git.com/SUB0058,hashSUB0058,Graded,2023-10-20
SUB0059,U0037,http://git.com/SUB0059,hashSUB0059,Graded,2023-10-20
SUB0060,U0035,http://git.com/SUB0060,hashSUB0060,Graded,2023-10-20
SUB0061,U0055,http://git.com/SUB0061,hashSUB0061,Graded,2023-10-20
SUB0062,U0030,http://git.com/SUB0062,hashSUB0062,Graded,2023-10-20
SUB0063,U0054,http://git.com/SUB0063,hashSUB0063,Graded,2023-10-20
SUB0064,U0060,http://git.com/SUB0064,hashSUB0064,Graded,2023-10-20
SUB0065,U0049,http://git.com/SUB0065,hashSUB0065,Graded,2023-10-20
SUB0066,U0075,http://git.com/SUB0066,hashSUB0066,Graded,2023-10-20
SUB0067,U0070,http://git.com/SUB0067,hashSUB0067,Graded,2023-10-20
SUB0068,U0019,http://git.com/SUB0068,hashSUB0068,Graded,2023-10-20
SUB0069,U0043,http://git.com/SUB0069,hashSUB0069,Graded,2023-10-20
SUB0070,U0026,http://git.com/SUB0070,hashSUB0070,Graded,2023-10-20
SUB0071,U0062,http://git.com/SUB0071,hashSUB0071,Graded,2023-10-20
SUB0072,U0066,http://git.com/SUB0072,hashSUB0072,Graded,2023-10-20
SUB0073,U0093,http://git.com/SUB0073,hashSUB0073,Graded,2023-10-20
SUB0074,U0028,http://git.com/SUB0074,hashSUB0074,Graded,2023-10-20
SUB0075,U0090,http://git.com/SUB0075,hashSUB0075,Graded,2023-10-20
SUB0076,U0050,http://git.com/SUB0076,hashSUB0076,Graded,2023-10-20
SUB0077,U0086,http://git.com/SUB0077,hashSUB0077,Graded,2023-10-20
SUB0078,U0030,http://git.com/SUB0078,hashSUB0078,Graded,2023-10-20
SUB0079,U0049,http://git.com/SUB0079,hashSUB0079,Graded,2023-10-20
SUB0080,U0048,http://git.com/SUB0080,hashSUB0080,Graded,2023-10-20
SUB0081,U0087,http://git.com/SUB0081,hashSUB0081,Graded,2023-10-20
SUB0082,U0016,http://git.com/SUB0082,hashSUB0082,Graded,2023-10-20
SUB0083,U0059,http://git.com/SUB0083,hashSUB0083,Graded,2023-10-20
SUB0084,U0063,http://git.com/SUB0084,hashSUB0084,Graded,2023-10-20
SUB0085,U0046,http://git.com/SUB0085,hashSUB0085,Graded,2023-10-20
SUB0086,U0047,http://git.com/SUB0086,hashSUB0086,Graded,2023-10-20
SUB0087,U0028,http://git.com/SUB0087,hashSUB0087,Graded,2023-10-20
SUB0088,U0092,http://git.com/SUB0088,hashSUB0088,Graded,2023-10-20
SUB0089,U0072,http://git.com/SUB0089,hashSUB0089,Graded,2023-10-20
SUB0090,U0027,http://git.com/SUB0090,hashSUB0090,Graded,2023-10-20
SUB0091,U0082,http://git.com/SUB0091,hashSUB0091,Graded,2023-10-20
SUB0092,U0039,http://git.com/SUB0092,hashSUB0092,Graded,2023-10-20
SUB0093,U0099,http://git.com/SUB0093,hashSUB0093,Graded,2023-10-20
SUB0094,U0034,http://git.com/SUB0094,hashSUB0094,Graded,2023-10-20
SUB0095,U0096,http://git.com/SUB0095,hashSUB0095,Graded,2023-10-20
SUB0096,U0066,http://git.com/SUB0096,hashSUB0096,Graded,2023-10-20
SUB0097,U0091,http://git.com/SUB0097,hashSUB0097,Graded,2023-10-20
SUB0098,U0099,http://git.com/SUB0098,hashSUB0098,Graded,2023-10-20
SUB0099,U0091,http://git.com/SUB0099,hashSUB0099,Graded,2023-10-20
SUB0100,U0046,http://git.com/SUB0100,hashSUB0100,Graded,2023-10-20
SUB0101,U0060,http://git.com/SUB0101,hashSUB0101,Graded,2023-10-20
SUB0102,U0020,http://git.com/SUB0102,hashSUB0102,Graded,2023-10-20
SUB0103,U0036,http://git.com/SUB0103,hashSUB0103,Graded,2023-10-20
SUB0104,U0015,http://git.com/SUB0104,hashSUB0104,Graded,2023-10-20
SUB0105,U0058,http://git.com/SUB0105,hashSUB0105,Graded,2023-10-20
SUB0106,U0029,http://git.com/SUB0106,hashSUB0106,Graded,2023-10-20
SUB0107,U0064,http://git.com/SUB0107,hashSUB0107,Graded,2023-10-20
SUB0108,U0036,http://git.com/SUB0108,hashSUB0108,Graded,2023-10-20
SUB0109,U0098,http://git.com/SUB0109,hashSUB0109,Graded,2023-10-20
SUB0110,U0057,http://git.com/SUB0110,hashSUB0110,Graded,2023-10-20
SUB0111,U0038,http://git.com/SUB0111,hashSUB0111,Graded,2023-10-20
SUB0112,U0056,http://git.com/SUB0112,hashSUB0112,Graded,2023-10-20
SUB0113,U0081,http://git.com/SUB0113,hashSUB0113,Graded,2023-10-20
SUB0114,U0045,http://git.com/SUB0114,hashSUB0114,Graded,2023-10-20
SUB0115,U0025,http://git.com/SUB0115,hashSUB0115,Graded,2023-10-20
SUB0116,U0076,http://git.com/SUB0116,hashSUB0116,Graded,2023-10-20
SUB0117,U0093,http://git.com/SUB0117,hashSUB0117,Graded,2023-10-20
SUB0118,U0026,http://git.com/SUB0118,hashSUB0118,Graded,2023-10-20
SUB0119,U0090,http://git.com/SUB0119,hashSUB0119,Graded,2023-10-20
SUB0120,U0055,http://git.com/SUB0120,hashSUB0120,Graded,2023-10-20
SUB0121,U0040,http://git.com/SUB0121,hashSUB0121,Graded,2023-10-20
SUB0122,U0097,http://git.com/SUB0122,hashSUB0122,Graded,2023-10-20
SUB0123,U0029,http://git.com/SUB0123,hashSUB0123,Graded,2023-10-20
SUB0124,U0029,http://git.com/SUB0124,hashSUB0124,Graded,2023-10-20
SUB0125,U0027,http://git.com/SUB0125,hashSUB0125,Graded,2023-10-20
SUB0126,U0056,http://git.com/SUB0126,hashSUB0126,Graded,2023-10-20
SUB0127,U0058,http://git.com/SUB0127,hashSUB0127,Graded,2023-10-20
SUB0128,U0077,http://git.com/SUB0128,hashSUB0128,Graded,2023-10-20
SUB0129,U0092,http://git.com/SUB0129,hashSUB0129,Graded,2023-10-20
SUB0130,U0080,http://git.com/SUB0130,hashSUB0130,Graded,2023-10-20
SUB0131,U0067,http://git.com/SUB0131,hashSUB0131,Graded,2023-10-20
SUB0132,U0044,http://git.com/SUB0132,hashSUB0132,Graded,2023-10-20
SUB0133,U0059,http://git.com/SUB0133,hashSUB0133,Graded,2023-10-20
SUB0134,U0090,http://git.com/SUB0134,hashSUB0134,Graded,2023-10-20
SUB0135,U0035,http://git.com/SUB0135,hashSUB0135,Graded,2023-10-20
SUB0136,U0045,http://git.com/SUB0136,hashSUB0136,Graded,2023-10-20
SUB0137,U0034,http://git.com/SUB0137,hashSUB0137,Graded,2023-10-20
SUB0138,U0043,http://git.com/SUB0138,hashSUB0138,Graded,2023-10-20
SUB0139,U0030,http://git.com/SUB0139,hashSUB0139,Graded,2023-10-20
SUB0140,U0059,http://git.com/SUB0140,hashSUB0140,Graded,2023-10-20
SUB0141,U0080,http://git.com/SUB0141,hashSUB0141,Graded,2023-10-20
SUB0142,U0034,http://git.com/SUB0142,hashSUB0142,Graded,2023-10-20
SUB0143,U0094,http://git.com/SUB0143,hashSUB0143,Graded,2023-10-20
SUB0144,U0048,http://git.com/SUB0144,hashSUB0144,Graded,2023-10-20
SUB0145,U0090,http://git.com/SUB0145,hashSUB0145,Graded,2023-10-20
SUB0146,U0079,http://git.com/SUB0146,hashSUB0146,Graded,2023-10-20
SUB0147,U0060,http://git.com/SUB0147,hashSUB0147,Graded,2023-10-20
SUB0148,U0028,http://git.com/SUB0148,hashSUB0148,Graded,2023-10-20
SUB0149,U0074,http://git.com/SUB0149,hashSUB0149,Graded,2023-10-20
SUB0150,U0049,http://git.com/SUB0150,hashSUB0150,Graded,2023-10-20
SUB0151,U0013,http://git.com/SUB0151,hashSUB0151,Graded,2023-10-20
SUB0152,U0048,http://git.com/SUB0152,hashSUB0152,Graded,2023-10-20
SUB0153,U0031,http://git.com/SUB0153,hashSUB0153,Graded,2023-10-20
SUB0154,U0049,http://git.com/SUB0154,hashSUB0154,Graded,2023-10-20
SUB0155,U0045,http://git.com/SUB0155,hashSUB0155,Graded,2023-10-20
SUB0156,U0037,http://git.com/SUB0156,hashSUB0156,Graded,2023-10-20
SUB0157,U0021,http://git.com/SUB0157,hashSUB0157,Graded,2023-10-20
SUB0158,U0073,http://git.com/SUB0158,hashSUB0158,Graded,2023-10-20
SUB0159,U0100,http://git.com/SUB0159,hashSUB0159,Graded,2023-10-20
SUB0160,U0062,http://git.com/SUB0160,hashSUB0160,Graded,2023-10-20
SUB0161,U0057,http://git.com/SUB0161,hashSUB0161,Graded,2023-10-20
SUB0162,U0079,http://git.com/SUB0162,hashSUB0162,Graded,2023-10-20
SUB0163,U0046,http://git.com/SUB0163,hashSUB0163,Graded,2023-10-20
SUB0164,U0087,http://git.com/SUB0164,hashSUB0164,Graded,2023-10-20
SUB0165,U0076,http://git.com/SUB0165,hashSUB0165,Graded,2023-10-20
SUB0166,U0048,http://git.com/SUB0166,hashSUB0166,Graded,2023-10-20
SUB0167,U0084,http://git.com/SUB0167,hashSUB0167,Graded,2023-10-20
SUB0168,U0085,http://git.com/SUB0168,hashSUB0168,Graded,2023-10-20
SUB0169,U0022,http://git.com/SUB0169,hashSUB0169,Graded,2023-10-20
SUB0170,U0012,http://git.com/SUB0170,hashSUB0170,Graded,2023-10-20
SUB0171,U0046,http://git.com/SUB0171,hashSUB0171,Graded,2023-10-20
SUB0172,U0083,http://git.com/SUB0172,hashSUB0172,Graded,2023-10-20
SUB0173,U0069,http://git.com/SUB0173,hashSUB0173,Graded,2023-10-20
SUB0174,U0099,http://git.com/SUB0174,hashSUB0174,Graded,2023-10-20
SUB0175,U0099,http://git.com/SUB0175,hashSUB0175,Graded,2023-10-20
SUB0176,U0046,http://git.com/SUB0176,hashSUB0176,Graded,2023-10-20
SUB0177,U0099,http://git.com/SUB0177,hashSUB0177,Graded,2023-10-20
SUB0178,U0084,http://git.com/SUB0178,hashSUB0178,Graded,2023-10-20
SUB0179,U0069,http://git.com/SUB0179,hashSUB0179,Graded,2023-10-20
SUB0180,U0020,http://git.com/SUB0180,hashSUB0180,Graded,2023-10-20
SUB0181,U0048,http://git.com/SUB0181,hashSUB0181,Graded,2023-10-20
SUB0182,U0052,http://git.com/SUB0182,hashSUB0182,Graded,2023-10-20
SUB0183,U0051,http://git.com/SUB0183,hashSUB0183,Graded,2023-10-20
SUB0184,U0080,http://git.com/SUB0184,hashSUB0184,Graded,2023-10-20
SUB0185,U0048,http://git.com/SUB0185,hashSUB0185,Graded,2023-10-20
SUB0186,U0035,http://git.com/SUB0186,hashSUB0186,Graded,2023-10-20
SUB0187,U0053,http://git.com/SUB0187,hashSUB0187,Graded,2023-10-20
SUB0188,U0091,http://git.com/SUB0188,hashSUB0188,Graded,2023-10-20
SUB0189,U0031,http://git.com/SUB0189,hashSUB0189,Graded,2023-10-20
SUB0190,U0034,http://git.com/SUB0190,hashSUB0190,Graded,2023-10-20
SUB0191,U0023,http://git.com/SUB0191,hashSUB0191,Graded,2023-10-20
SUB0192,U0084,http://git.com/SUB0192,hashSUB0192,Graded,2023-10-20
SUB0193,U0052,http://git.com/SUB0193,hashSUB0193,Graded,2023-10-20
SUB0194,U0044,http://git.com/SUB0194,hashSUB0194,Graded,2023-10-20
SUB0195,U0038,http://git.com/SUB0195,hashSUB0195,Graded,2023-10-20
SUB0196,U0027,http://git.com/SUB0196,hashSUB0196,Graded,2023-10-20
SUB0197,U0038,http://git.com/SUB0197,hashSUB0197,Graded,2023-10-20
SUB0198,U0071,http://git.com/SUB0198,hashSUB0198,Graded,2023-10-20
SUB0199,U0072,http://git.com/SUB0199,hashSUB0199,Graded,2023-10-20
SUB0200,U0059,http://git.com/SUB0200,hashSUB0200,Graded,2023-10-20
