UserID,Name,Email,Age,Role,Status,CourseCode
GV000001,Đặng Ngọc Sơn,sondang619@fpt.edu.vn,41,Giảng viên,active,JPE255|MAE101
GV000002,Đỗ Thanh Long,longdo707@fpt.edu.vn,43,Giảng viên,offline,PRJ301|JPD113|PRO192
GV000003,Hồ Quang Linh,linhho255@fpt.edu.vn,58,Giảng viên,active,MAS291|PRJ301
GV000004,Phạm Hoàng Lan,lanpham469@fpt.edu.vn,34,Giảng viên,active,CSD201|CEA201|NWC203
GV000005,Ngô Gia Cường,cuongngo246@fpt.edu.vn,32,Giảng viên,offline,SWP391
GV000006,Phạm Hoàng Nga,ngapham32@fpt.edu.vn,56,Giảng viên,active,NWC203|MAE101|JPE255
GV000007,Vũ Gia Phong,phongvu577@fpt.edu.vn,45,Giảng viên,active,PRJ301|NWC203
GV000008,Trần Thu Lan,lantran611@fpt.edu.vn,36,Giảng viên,offline,MAE101|NWC203|JPD113
GV000009,Vũ Quang Hà,havu975@fpt.edu.vn,30,Giảng viên,offline,JPE255|SWP391
GV000010,Trần Xuân Vy,vytran633@fpt.edu.vn,47,Giảng viên,offline,CSD201|CEA201
GV000011,Vũ Hải Cường,cuongvu707@fpt.edu.vn,35,Giảng viên,offline,MAE101|JPE255
GV000012,Ngô Thu Hương,huongngo652@fpt.edu.vn,37,Giảng viên,active,JPE255|PRO192
GV000013,Đặng Thu Nguyên,nguyendang829@fpt.edu.vn,35,Giảng viên,offline,PRO192|CSD201
GV000014,Đỗ Thành Hà,hado821@fpt.edu.vn,47,Giảng viên,offline,NWC203|PRO192|JPD113
GV000015,Trần Hoàng Anh,anhtran695@fpt.edu.vn,52,Giảng viên,active,MAE101
GV000016,Đỗ Hải Hoa,hoado578@fpt.edu.vn,42,Giảng viên,offline,PRO192|NWC203|CEA201
GV000017,Lý Gia Vy,vyly156@fpt.edu.vn,50,Giảng viên,active,CSD201|SWP391
GV000018,Lý Đình Linh,linhly974@fpt.edu.vn,37,Giảng viên,offline,JPD113
GV000019,Huỳnh Thanh Bách,bachhuynh767@fpt.edu.vn,34,Giảng viên,active,MAS291|NWC203|SWP391
GV000020,Lê Ngọc Khánh,khanhle534@fpt.edu.vn,36,Giảng viên,offline,SWP391|CSD201
GV000021,Nguyễn Gia Bách,bachnguyen236@fpt.edu.vn,40,Giảng viên,active,PRO192|PRJ301|NWC203
GV000022,Hoàng Thanh Bách,bachhoang294@fpt.edu.vn,50,Giảng viên,active,PRO192|PRJ301
GV000023,Hồ Thu Khánh,khanhho498@fpt.edu.vn,52,Giảng viên,active,JPE255|CSD201|NWC203
GV000024,Huỳnh Ngọc Nga,ngahuynh636@fpt.edu.vn,34,Giảng viên,offline,NWC203|CEA201
GV000025,Dương Xuân Hà,haduong530@fpt.edu.vn,50,Giảng viên,offline,SWP391|CSD201|JPE255
GV000026,Huỳnh Gia Tuấn,tuanhuynh110@fpt.edu.vn,45,Giảng viên,offline,SWP391|CEA201
GV000027,Lý Đình Hương,huongly306@fpt.edu.vn,54,Giảng viên,offline,MAS291|NWC203
GV000028,Trần Minh Vy,vytran200@fpt.edu.vn,32,Giảng viên,offline,CSD201|PRJ301
GV000029,Dương Hoàng Thảo,thaoduong659@fpt.edu.vn,41,Giảng viên,active,CSD201|JPE255
GV000030,Huỳnh Đình Vy,vyhuynh909@fpt.edu.vn,39,Giảng viên,active,PRJ301|CEA201
GV000031,Võ Đức Huy,huyvo697@fpt.edu.vn,39,Giảng viên,offline,PRJ301|MAE101
GV000032,Phạm Ngọc Hương,huongpham537@fpt.edu.vn,42,Giảng viên,offline,JPE255
GV000033,Huỳnh Quang Nga,ngahuynh573@fpt.edu.vn,32,Giảng viên,offline,PRO192|SWP391
GV000034,Đặng Quang Lan,landang145@fpt.edu.vn,49,Giảng viên,active,PRJ301|CEA201
GV000035,Đỗ Ngọc Bình,binhdo919@fpt.edu.vn,35,Giảng viên,offline,MAS291|CSD201
GV000036,Nguyễn Ngọc Linh,linhnguyen17@fpt.edu.vn,48,Giảng viên,offline,MAE101|MAS291|NWC203
GV000037,Hồ Thanh Linh,linhho42@fpt.edu.vn,57,Giảng viên,offline,CSD201|JPD113
GV000038,Đặng Thu Bình,binhdang813@fpt.edu.vn,55,Giảng viên,offline,JPE255
GV000039,Hoàng Thanh Sơn,sonhoang327@fpt.edu.vn,46,Giảng viên,active,MAS291
GV000040,Hồ Thị Nga,ngaho475@fpt.edu.vn,32,Giảng viên,active,MAE101|JPE255
GV000041,Nguyễn Thị Lan,lannguyen916@fpt.edu.vn,54,Giảng viên,offline,JPE255|CEA201|CSD201
GV000042,Ngô Gia Hoa,hoango715@fpt.edu.vn,49,Giảng viên,active,PRO192|CSD201
GV000043,Phạm Hải Thảo,thaopham735@fpt.edu.vn,44,Giảng viên,offline,CSD201|PRJ301
GV000044,Trần Quang Sơn,sontran479@fpt.edu.vn,38,Giảng viên,active,JPE255|NWC203
GV000045,Lê Đức Vy,vyle670@fpt.edu.vn,40,Giảng viên,active,SWP391|PRO192
GV000046,Đặng Thành Nguyên,nguyendang278@fpt.edu.vn,45,Giảng viên,offline,PRJ301|JPD113
GV000047,Bùi Ngọc Tuấn,tuanbui16@fpt.edu.vn,40,Giảng viên,active,JPE255|MAS291|JPD113
GV000048,Phan Gia Linh,linhphan215@fpt.edu.vn,50,Giảng viên,offline,PRJ301|PRO192
GV000049,Huỳnh Thanh Linh,linhhuynh693@fpt.edu.vn,48,Giảng viên,offline,SWP391
GV000050,Vũ Quang Vy,vyvu365@fpt.edu.vn,44,Giảng viên,active,PRO192|MAE101
GV000051,Võ Minh Khánh,khanhvo137@fpt.edu.vn,35,Giảng viên,offline,JPD113
GV000052,Lý Hoàng Thảo,thaoly731@fpt.edu.vn,40,Giảng viên,offline,MAE101
GV000053,Lý Minh Vy,vyly768@fpt.edu.vn,41,Giảng viên,active,JPD113
GV000054,Hồ Thanh Nguyên,nguyenho800@fpt.edu.vn,56,Giảng viên,active,JPE255|MAE101
GV000055,Trần Hữu Anh,anhtran172@fpt.edu.vn,54,Giảng viên,offline,PRJ301
GV000056,Hồ Văn Bình,binhho107@fpt.edu.vn,40,Giảng viên,active,PRO192|CEA201|JPE255
GV000057,Hồ Hải Vy,vyho935@fpt.edu.vn,52,Giảng viên,active,SWP391|PRO192|JPE255
GV000058,Trần Hữu Khoa,khoatran634@fpt.edu.vn,31,Giảng viên,active,CEA201
GV000059,Lê Xuân Cường,cuongle742@fpt.edu.vn,54,Giảng viên,active,CSD201|CEA201|SWP391
GV000060,Lê Minh Anh,anhle536@fpt.edu.vn,57,Giảng viên,offline,CSD201
GV000061,Lý Thu Hương,huongly100@fpt.edu.vn,44,Giảng viên,offline,JPE255
GV000062,Hoàng Xuân Tùng,tunghoang80@fpt.edu.vn,41,Giảng viên,offline,PRJ301
GV000063,Đặng Gia Huy,huydang715@fpt.edu.vn,54,Giảng viên,offline,PRO192|MAS291|NWC203
GV000064,Hồ Thị Long,longho317@fpt.edu.vn,48,Giảng viên,active,MAS291
GV000065,Nguyễn Minh Tuấn,tuannguyen661@fpt.edu.vn,32,Giảng viên,offline,MAS291
GV000066,Lý Hải Hoa,hoaly430@fpt.edu.vn,48,Giảng viên,offline,JPE255|JPD113|CSD201
GV000067,Hoàng Thành Khoa,khoahoang206@fpt.edu.vn,45,Giảng viên,offline,PRJ301
GV000068,Lê Đình Cường,cuongle986@fpt.edu.vn,45,Giảng viên,offline,PRO192|JPD113
GV000069,Dương Ngọc Vy,vyduong106@fpt.edu.vn,39,Giảng viên,offline,CEA201|NWC203|JPE255
GV000070,Phạm Văn Tuấn,tuanpham137@fpt.edu.vn,54,Giảng viên,offline,MAS291
GV000071,Bùi Văn Dũng,dungbui504@fpt.edu.vn,47,Giảng viên,active,JPE255
GV000072,Dương Thị Khoa,khoaduong70@fpt.edu.vn,38,Giảng viên,active,CEA201|NWC203
GV000073,Vũ Minh Tuấn,tuanvu870@fpt.edu.vn,57,Giảng viên,offline,MAS291|JPD113|CSD201
GV000074,Đỗ Đức Cường,cuongdo404@fpt.edu.vn,35,Giảng viên,offline,JPD113
GV000075,Hồ Hữu Trang,trangho25@fpt.edu.vn,39,Giảng viên,active,NWC203|JPD113|MAS291
GV000076,Phạm Hữu Tuấn,tuanpham528@fpt.edu.vn,57,Giảng viên,active,JPD113
GV000077,Lý Thị Thảo,thaoly494@fpt.edu.vn,53,Giảng viên,offline,CSD201|PRJ301|JPE255
GV000078,Bùi Hải Lan,lanbui5@fpt.edu.vn,31,Giảng viên,active,CEA201
GV000079,Bùi Gia Bình,binhbui46@fpt.edu.vn,36,Giảng viên,active,PRJ301|MAE101
GV000080,Vũ Thị Long,longvu756@fpt.edu.vn,53,Giảng viên,active,CSD201
GV000081,Bùi Minh Lan,lanbui873@fpt.edu.vn,51,Giảng viên,active,NWC203|CEA201
GV000082,Hồ Thu Linh,linhho371@fpt.edu.vn,43,Giảng viên,active,PRO192
GV000083,Trần Quang Cường,cuongtran808@fpt.edu.vn,49,Giảng viên,active,JPE255
GV000084,Đỗ Minh Hoa,hoado451@fpt.edu.vn,37,Giảng viên,offline,CSD201|PRJ301
GV000085,Phan Quang Khoa,khoaphan170@fpt.edu.vn,48,Giảng viên,offline,SWP391|CSD201|JPE255
GV000086,Võ Đình Lan,lanvo349@fpt.edu.vn,55,Giảng viên,active,PRJ301|SWP391|JPE255
GV000087,Lý Văn Sơn,sonly609@fpt.edu.vn,36,Giảng viên,offline,SWP391
GV000088,Vũ Đình Phong,phongvu692@fpt.edu.vn,43,Giảng viên,active,JPE255
GV000089,Ngô Đức Thảo,thaongo159@fpt.edu.vn,41,Giảng viên,active,PRO192
GV000090,Huỳnh Minh Tùng,tunghuynh539@fpt.edu.vn,36,Giảng viên,active,PRJ301
GV000091,Lê Gia Dũng,dungle665@fpt.edu.vn,43,Giảng viên,active,SWP391
GV000092,Đặng Thanh Huy,huydang653@fpt.edu.vn,50,Giảng viên,offline,NWC203|SWP391
GV000093,Võ Đình Tuấn,tuanvo451@fpt.edu.vn,42,Giảng viên,offline,SWP391|MAE101|JPE255
GV000094,Trần Thu Anh,anhtran297@fpt.edu.vn,30,Giảng viên,active,CEA201|JPE255|SWP391
GV000095,Trần Đức Phong,phongtran209@fpt.edu.vn,39,Giảng viên,active,MAS291|PRO192
GV000096,Lý Hải Phong,phongly755@fpt.edu.vn,42,Giảng viên,active,CSD201
GV000097,Bùi Quang Vy,vybui197@fpt.edu.vn,44,Giảng viên,offline,PRO192|MAE101
GV000098,Bùi Thu Hoa,hoabui805@fpt.edu.vn,47,Giảng viên,offline,SWP391|JPD113
GV000099,Bùi Đình Phong,phongbui864@fpt.edu.vn,30,Giảng viên,active,NWC203|JPE255
GV000100,Lê Ngọc Tùng,tungle785@fpt.edu.vn,38,Giảng viên,active,CEA201|CSD201
