userId,username,passwordHash,fullName,email,role,createdAt
U0001,anhvu95,hash_anhvu95,Vũ Hữu Anh,anhvu95@fpt.edu.vn,Teacher,2023-10-01 10:00:00
U0002,trangle64,hash_trangle64,Lê Quang Trang,trangle64@fpt.edu.vn,Teacher,2023-10-01 10:00:00
U0003,trangpham80,hash_trangpham80,Phạm Thị Trang,trangpham80@fpt.edu.vn,Teacher,2023-10-01 10:00:00
U0004,huyle82,hash_huyle82,Lê Xuân Huy,huyle82@fpt.edu.vn,Teacher,2023-10-01 10:00:00
U0005,trangle41,hash_trangle41,Lê Ngọc Trang,trangle41@fpt.edu.vn,Teacher,2023-10-01 10:00:00
U0006,tuanle66,hash_tuanle66,Lê Thị Tuấn,tuanle66@fpt.edu.vn,Teacher,2023-10-01 10:00:00
U0007,anhnguyen41,hash_anhnguyen41,Nguyễn Xuân Anh,anhnguyen41@fpt.edu.vn,Teacher,2023-10-01 10:00:00
U0008,huongpham35,hash_huongpham35,Phạm Xuân Hương,huongpham35@fpt.edu.vn,Teacher,2023-10-01 10:00:00
U0009,huongle19,hash_huongle19,Lê Thu Hương,huongle19@fpt.edu.vn,Teacher,2023-10-01 10:00:00
U0010,dungtran51,hash_dungtran51,Trần Minh Dũng,dungtran51@fpt.edu.vn,Teacher,2023-10-01 10:00:00
U0011,landang93,hash_landang93,Đặng Minh Lan,landang93@fpt.edu.vn,Student,2023-10-01 10:00:00
U0012,trangnguyen30,hash_trangnguyen30,Nguyễn Hữu Trang,trangnguyen30@fpt.edu.vn,Student,2023-10-01 10:00:00
U0013,dungvu47,hash_dungvu47,Vũ Ngọc Dũng,dungvu47@fpt.edu.vn,Student,2023-10-01 10:00:00
U0014,dunghoang32,hash_dunghoang32,Hoàng Ngọc Dũng,dunghoang32@fpt.edu.vn,Student,2023-10-01 10:00:00
U0015,anhle48,hash_anhle48,Lê Thanh Anh,anhle48@fpt.edu.vn,Student,2023-10-01 10:00:00
U0016,hoale70,hash_hoale70,Lê Ngọc Hoa,hoale70@fpt.edu.vn,Student,2023-10-01 10:00:00
U0017,linhvo36,hash_linhvo36,Võ Xuân Linh,linhvo36@fpt.edu.vn,Student,2023-10-01 10:00:00
U0018,trangdo62,hash_trangdo62,Đỗ Quang Trang,trangdo62@fpt.edu.vn,Student,2023-10-01 10:00:00
U0019,linhdang58,hash_linhdang58,Đặng Quang Linh,linhdang58@fpt.edu.vn,Student,2023-10-01 10:00:00
U0020,huongtran36,hash_huongtran36,Trần Hữu Hương,huongtran36@fpt.edu.vn,Student,2023-10-01 10:00:00
U0021,tranghuynh33,hash_tranghuynh33,Huỳnh Thị Trang,tranghuynh33@fpt.edu.vn,Student,2023-10-01 10:00:00
U0022,huyle19,hash_huyle19,Lê Minh Huy,huyle19@fpt.edu.vn,Student,2023-10-01 10:00:00
U0023,dungbui26,hash_dungbui26,Bùi Thanh Dũng,dungbui26@fpt.edu.vn,Student,2023-10-01 10:00:00
U0024,linhpham34,hash_linhpham34,Phạm Ngọc Linh,linhpham34@fpt.edu.vn,Student,2023-10-01 10:00:00
U0025,anhle39,hash_anhle39,Lê Minh Anh,anhle39@fpt.edu.vn,Student,2023-10-01 10:00:00
U0026,huynguyen92,hash_huynguyen92,Nguyễn Xuân Huy,huynguyen92@fpt.edu.vn,Student,2023-10-01 10:00:00
U0027,hoahuynh52,hash_hoahuynh52,Huỳnh Thu Hoa,hoahuynh52@fpt.edu.vn,Student,2023-10-01 10:00:00
U0028,hoaphan79,hash_hoaphan79,Phan Xuân Hoa,hoaphan79@fpt.edu.vn,Student,2023-10-01 10:00:00
U0029,tranghuynh45,hash_tranghuynh45,Huỳnh Quang Trang,tranghuynh45@fpt.edu.vn,Student,2023-10-01 10:00:00
U0030,linhle11,hash_linhle11,Lê Hữu Linh,linhle11@fpt.edu.vn,Student,2023-10-01 10:00:00
U0031,anhvu18,hash_anhvu18,Vũ Xuân Anh,anhvu18@fpt.edu.vn,Student,2023-10-01 10:00:00
U0032,lantran12,hash_lantran12,Trần Thu Lan,lantran12@fpt.edu.vn,Student,2023-10-01 10:00:00
U0033,anhtran98,hash_anhtran98,Trần Hữu Anh,anhtran98@fpt.edu.vn,Student,2023-10-01 10:00:00
U0034,linhvu35,hash_linhvu35,Vũ Thị Linh,linhvu35@fpt.edu.vn,Student,2023-10-01 10:00:00
U0035,linhvu27,hash_linhvu27,Vũ Quang Linh,linhvu27@fpt.edu.vn,Student,2023-10-01 10:00:00
U0036,lanpham87,hash_lanpham87,Phạm Quang Lan,lanpham87@fpt.edu.vn,Student,2023-10-01 10:00:00
U0037,tuanhuynh91,hash_tuanhuynh91,Huỳnh Ngọc Tuấn,tuanhuynh91@fpt.edu.vn,Student,2023-10-01 10:00:00
U0038,trangphan68,hash_trangphan68,Phan Minh Trang,trangphan68@fpt.edu.vn,Student,2023-10-01 10:00:00
U0039,huonghoang19,hash_huonghoang19,Hoàng Thanh Hương,huonghoang19@fpt.edu.vn,Student,2023-10-01 10:00:00
U0040,dungle49,hash_dungle49,Lê Minh Dũng,dungle49@fpt.edu.vn,Student,2023-10-01 10:00:00
U0041,linhbui68,hash_linhbui68,Bùi Thu Linh,linhbui68@fpt.edu.vn,Student,2023-10-01 10:00:00
U0042,anhle78,hash_anhle78,Lê Quang Anh,anhle78@fpt.edu.vn,Student,2023-10-01 10:00:00
U0043,dungvo27,hash_dungvo27,Võ Đức Dũng,dungvo27@fpt.edu.vn,Student,2023-10-01 10:00:00
U0044,hoatran72,hash_hoatran72,Trần Hữu Hoa,hoatran72@fpt.edu.vn,Student,2023-10-01 10:00:00
U0045,huongvu99,hash_huongvu99,Vũ Thị Hương,huongvu99@fpt.edu.vn,Student,2023-10-01 10:00:00
U0046,huydang62,hash_huydang62,Đặng Minh Huy,huydang62@fpt.edu.vn,Student,2023-10-01 10:00:00
U0047,tuanphan91,hash_tuanphan91,Phan Văn Tuấn,tuanphan91@fpt.edu.vn,Student,2023-10-01 10:00:00
U0048,cuongdang11,hash_cuongdang11,Đặng Xuân Cường,cuongdang11@fpt.edu.vn,Student,2023-10-01 10:00:00
U0049,anhhuynh70,hash_anhhuynh70,Huỳnh Minh Anh,anhhuynh70@fpt.edu.vn,Student,2023-10-01 10:00:00
U0050,tranghuynh83,hash_tranghuynh83,Huỳnh Đức Trang,tranghuynh83@fpt.edu.vn,Student,2023-10-01 10:00:00
U0051,trangvu73,hash_trangvu73,Vũ Thị Trang,trangvu73@fpt.edu.vn,Student,2023-10-01 10:00:00
U0052,anhvo28,hash_anhvo28,Võ Đức Anh,anhvo28@fpt.edu.vn,Student,2023-10-01 10:00:00
U0053,huybui73,hash_huybui73,Bùi Thanh Huy,huybui73@fpt.edu.vn,Student,2023-10-01 10:00:00
U0054,anhtran46,hash_anhtran46,Trần Thị Anh,anhtran46@fpt.edu.vn,Student,2023-10-01 10:00:00
U0055,tuanphan38,hash_tuanphan38,Phan Thị Tuấn,tuanphan38@fpt.edu.vn,Student,2023-10-01 10:00:00
U0056,tuanhoang14,hash_tuanhoang14,Hoàng Quang Tuấn,tuanhoang14@fpt.edu.vn,Student,2023-10-01 10:00:00
U0057,huybui21,hash_huybui21,Bùi Xuân Huy,huybui21@fpt.edu.vn,Student,2023-10-01 10:00:00
U0058,huydo97,hash_huydo97,Đỗ Quang Huy,huydo97@fpt.edu.vn,Student,2023-10-01 10:00:00
U0059,huongdang36,hash_huongdang36,Đặng Thị Hương,huongdang36@fpt.edu.vn,Student,2023-10-01 10:00:00
U0060,tuanle59,hash_tuanle59,Lê Xuân Tuấn,tuanle59@fpt.edu.vn,Student,2023-10-01 10:00:00
U0061,landang39,hash_landang39,Đặng Thị Lan,landang39@fpt.edu.vn,Student,2023-10-01 10:00:00
U0062,linhphan18,hash_linhphan18,Phan Quang Linh,linhphan18@fpt.edu.vn,Student,2023-10-01 10:00:00
U0063,trangtran55,hash_trangtran55,Trần Hữu Trang,trangtran55@fpt.edu.vn,Student,2023-10-01 10:00:00
U0064,anhtran34,hash_anhtran34,Trần Văn Anh,anhtran34@fpt.edu.vn,Student,2023-10-01 10:00:00
U0065,cuongdang47,hash_cuongdang47,Đặng Văn Cường,cuongdang47@fpt.edu.vn,Student,2023-10-01 10:00:00
U0066,hoale17,hash_hoale17,Lê Văn Hoa,hoale17@fpt.edu.vn,Student,2023-10-01 10:00:00
U0067,lantran76,hash_lantran76,Trần Hữu Lan,lantran76@fpt.edu.vn,Student,2023-10-01 10:00:00
U0068,huyvo59,hash_huyvo59,Võ Minh Huy,huyvo59@fpt.edu.vn,Student,2023-10-01 10:00:00
U0069,linhphan28,hash_linhphan28,Phan Xuân Linh,linhphan28@fpt.edu.vn,Student,2023-10-01 10:00:00
U0070,tuanle36,hash_tuanle36,Lê Thanh Tuấn,tuanle36@fpt.edu.vn,Student,2023-10-01 10:00:00
U0071,dungnguyen73,hash_dungnguyen73,Nguyễn Thu Dũng,dungnguyen73@fpt.edu.vn,Student,2023-10-01 10:00:00
U0072,hoahoang14,hash_hoahoang14,Hoàng Quang Hoa,hoahoang14@fpt.edu.vn,Student,2023-10-01 10:00:00
U0073,dungbui40,hash_dungbui40,Bùi Xuân Dũng,dungbui40@fpt.edu.vn,Student,2023-10-01 10:00:00
U0074,trangvu15,hash_trangvu15,Vũ Đức Trang,trangvu15@fpt.edu.vn,Student,2023-10-01 10:00:00
U0075,trangvu86,hash_trangvu86,Vũ Quang Trang,trangvu86@fpt.edu.vn,Student,2023-10-01 10:00:00
U0076,dungdo86,hash_dungdo86,Đỗ Đức Dũng,dungdo86@fpt.edu.vn,Student,2023-10-01 10:00:00
U0077,anhpham66,hash_anhpham66,Phạm Quang Anh,anhpham66@fpt.edu.vn,Student,2023-10-01 10:00:00
U0078,linhbui78,hash_linhbui78,Bùi Văn Linh,linhbui78@fpt.edu.vn,Student,2023-10-01 10:00:00
U0079,huyvo83,hash_huyvo83,Võ Thu Huy,huyvo83@fpt.edu.vn,Student,2023-10-01 10:00:00
U0080,dunghuynh29,hash_dunghuynh29,Huỳnh Thu Dũng,dunghuynh29@fpt.edu.vn,Student,2023-10-01 10:00:00
U0081,huongdang67,hash_huongdang67,Đặng Hữu Hương,huongdang67@fpt.edu.vn,Student,2023-10-01 10:00:00
U0082,anhphan27,hash_anhphan27,Phan Ngọc Anh,anhphan27@fpt.edu.vn,Student,2023-10-01 10:00:00
U0083,trangdang32,hash_trangdang32,Đặng Đức Trang,trangdang32@fpt.edu.vn,Student,2023-10-01 10:00:00
U0084,dungle95,hash_dungle95,Lê Ngọc Dũng,dungle95@fpt.edu.vn,Student,2023-10-01 10:00:00
U0085,dungpham53,hash_dungpham53,Phạm Thị Dũng,dungpham53@fpt.edu.vn,Student,2023-10-01 10:00:00
U0086,huongnguyen20,hash_huongnguyen20,Nguyễn Xuân Hương,huongnguyen20@fpt.edu.vn,Student,2023-10-01 10:00:00
U0087,trangpham91,hash_trangpham91,Phạm Ngọc Trang,trangpham91@fpt.edu.vn,Student,2023-10-01 10:00:00
U0088,huydo85,hash_huydo85,Đỗ Xuân Huy,huydo85@fpt.edu.vn,Student,2023-10-01 10:00:00
U0089,huonghoang18,hash_huonghoang18,Hoàng Ngọc Hương,huonghoang18@fpt.edu.vn,Student,2023-10-01 10:00:00
U0090,lannguyen79,hash_lannguyen79,Nguyễn Thu Lan,lannguyen79@fpt.edu.vn,Student,2023-10-01 10:00:00
U0091,anhvo39,hash_anhvo39,Võ Hữu Anh,anhvo39@fpt.edu.vn,Student,2023-10-01 10:00:00
U0092,tuanpham86,hash_tuanpham86,Phạm Văn Tuấn,tuanpham86@fpt.edu.vn,Student,2023-10-01 10:00:00
U0093,anhdang16,hash_anhdang16,Đặng Minh Anh,anhdang16@fpt.edu.vn,Student,2023-10-01 10:00:00
U0094,huonghuynh14,hash_huonghuynh14,Huỳnh Quang Hương,huonghuynh14@fpt.edu.vn,Student,2023-10-01 10:00:00
U0095,cuongle87,hash_cuongle87,Lê Đức Cường,cuongle87@fpt.edu.vn,Student,2023-10-01 10:00:00
U0096,tuanphan53,hash_tuanphan53,Phan Thanh Tuấn,tuanphan53@fpt.edu.vn,Student,2023-10-01 10:00:00
U0097,huydo65,hash_huydo65,Đỗ Văn Huy,huydo65@fpt.edu.vn,Student,2023-10-01 10:00:00
U0098,huybui78,hash_huybui78,Bùi Thị Huy,huybui78@fpt.edu.vn,Student,2023-10-01 10:00:00
U0099,dungvu85,hash_dungvu85,Vũ Quang Dũng,dungvu85@fpt.edu.vn,Student,2023-10-01 10:00:00
U0100,hoaphan80,hash_hoaphan80,Phan Minh Hoa,hoaphan80@fpt.edu.vn,Student,2023-10-01 10:00:00
